mtry,AUC,algorithm,split
68,0.6665489157050847,opticlust_denovo,split_1
137,0.6683095006065846,opticlust_denovo,split_1
274,0.6697813351432034,opticlust_denovo,split_1
350,0.6686573700431622,opticlust_denovo,split_1
68,0.690468135350273,opticlust_denovo,split_2
137,0.6919961238113584,opticlust_denovo,split_2
274,0.6927261915538754,opticlust_denovo,split_2
350,0.6916947768096208,opticlust_denovo,split_2
68,0.7073183846139381,opticlust_denovo,split_3
137,0.709177698278441,opticlust_denovo,split_3
274,0.709734945407856,opticlust_denovo,split_3
350,0.709474216683557,opticlust_denovo,split_3
68,0.6673167198141629,opticlust_denovo,split_4
137,0.674538335877234,opticlust_denovo,split_4
274,0.677102597322031,opticlust_denovo,split_4
350,0.6776496556514688,opticlust_denovo,split_4
68,0.6857868878949266,opticlust_denovo,split_5
137,0.6910530790982198,opticlust_denovo,split_5
274,0.6931105221487035,opticlust_denovo,split_5
350,0.6919763454551963,opticlust_denovo,split_5
68,0.67190945778117,opticlust_denovo,split_6
137,0.677929710452822,opticlust_denovo,split_6
274,0.67962076921812975,opticlust_denovo,split_6
350,0.6787733678604669,opticlust_denovo,split_6
68,0.6947006232599423,opticlust_denovo,split_7
137,0.6969703320969771,opticlust_denovo,split_7
274,0.6965636333909263,opticlust_denovo,split_7
350,0.695210092863079,opticlust_denovo,split_7
68,0.6901941927880864,opticlust_denovo,split_8
137,0.6931367019470315,opticlust_denovo,split_8
274,0.6938985370189149,opticlust_denovo,split_8
350,0.6922779190526007,opticlust_denovo,split_8
68,0.7032520086644352,opticlust_denovo,split_9
137,0.7071945603973917,opticlust_denovo,split_9
274,0.7090841342884515,opticlust_denovo,split_9
350,0.7068205844811458,opticlust_denovo,split_9
68,0.6879990433356943,opticlust_denovo,split_10
137,0.6924043094737967,opticlust_denovo,split_10
274,0.6942792771812697,opticlust_denovo,split_10
350,0.6950618068383766,opticlust_denovo,split_10
68,0.6907657230326203,opticlust_denovo,split_11
137,0.696316591531692,opticlust_denovo,split_11
274,0.6996221807820366,opticlust_denovo,split_11
350,0.69894918819031715,opticlust_denovo,split_11
68,0.6996202075813521,opticlust_denovo,split_12
137,0.704530942494416,opticlust_denovo,split_12
274,0.7076834307190351,opticlust_denovo,split_12
350,0.7094285799455946,opticlust_denovo,split_12
68,0.685645894377597,opticlust_denovo,split_13
137,0.6928155886896045,opticlust_denovo,split_13
274,0.6944100805674597,opticlust_denovo,split_13
350,0.6970053268864305,opticlust_denovo,split_13
68,0.7041659643962104,opticlust_denovo,split_14
137,0.7123988129419835,opticlust_denovo,split_14
274,0.7156425536987596,opticlust_denovo,split_14
350,0.717834046256251,opticlust_denovo,split_14
68,0.6958711098816432,opticlust_denovo,split_15
137,0.7037964843708885,opticlust_denovo,split_15
274,0.7066992973136185,opticlust_denovo,split_15
350,0.7066327025576878,opticlust_denovo,split_15
68,0.6970595952080373,opticlust_denovo,split_16
137,0.7021004508334827,opticlust_denovo,split_16
274,0.704857184515304,opticlust_denovo,split_16
350,0.7037301508996587,opticlust_denovo,split_16
68,0.6986114603195903,opticlust_denovo,split_17
137,0.7070075333441838,opticlust_denovo,split_17
274,0.7082493832359529,opticlust_denovo,split_17
350,0.7069116915760615,opticlust_denovo,split_17
68,0.6881769669642414,opticlust_denovo,split_18
137,0.6917266940141036,opticlust_denovo,split_18
274,0.69022664162432,opticlust_denovo,split_18
350,0.6901490302479624,opticlust_denovo,split_18
68,0.7006127132422908,opticlust_denovo,split_19
137,0.7052426207202341,opticlust_denovo,split_19
274,0.705350357449212,opticlust_denovo,split_19
350,0.7059893355688334,opticlust_denovo,split_19
68,0.683052323584027,opticlust_denovo,split_20
137,0.687599148423792,opticlust_denovo,split_20
274,0.6894965506336563,opticlust_denovo,split_20
350,0.6896165532749748,opticlust_denovo,split_20
68,0.7050274110361505,opticlust_denovo,split_21
137,0.7080539760377849,opticlust_denovo,split_21
274,0.7073240404476069,opticlust_denovo,split_21
350,0.7086946772047212,opticlust_denovo,split_21
68,0.6755129628636475,opticlust_denovo,split_22
137,0.6811745810706293,opticlust_denovo,split_22
274,0.6846503579929692,opticlust_denovo,split_22
350,0.68399418105669,opticlust_denovo,split_22
68,0.704525789473932,opticlust_denovo,split_23
137,0.7098566144344861,opticlust_denovo,split_23
274,0.71485227391987,opticlust_denovo,split_23
350,0.7149761826660606,opticlust_denovo,split_23
68,0.6758739278934944,opticlust_denovo,split_24
137,0.6828768041945448,opticlust_denovo,split_24
274,0.6863077909171781,opticlust_denovo,split_24
350,0.6843833001363043,opticlust_denovo,split_24
68,0.6789010870798025,opticlust_denovo,split_25
137,0.6842418188741765,opticlust_denovo,split_25
274,0.6866064432558703,opticlust_denovo,split_25
350,0.6851205533051764,opticlust_denovo,split_25
68,0.708842364114964,opticlust_denovo,split_26
137,0.7140555952997982,opticlust_denovo,split_26
274,0.7180526271284591,opticlust_denovo,split_26
350,0.7185187892723391,opticlust_denovo,split_26
68,0.7083218658646077,opticlust_denovo,split_27
137,0.7149528982323666,opticlust_denovo,split_27
274,0.7170623849582668,opticlust_denovo,split_27
350,0.7168711291714459,opticlust_denovo,split_27
68,0.68001054403360806,opticlust_denovo,split_28
137,0.6834284963510651,opticlust_denovo,split_28
274,0.6834446302815372,opticlust_denovo,split_28
350,0.6824151779065628,opticlust_denovo,split_28
68,0.71473362346137,opticlust_denovo,split_29
137,0.7190048744666729,opticlust_denovo,split_29
274,0.7225005269811033,opticlust_denovo,split_29
350,0.7230383921086985,opticlust_denovo,split_29
68,0.7103525712800111,opticlust_denovo,split_30
137,0.7174695832194242,opticlust_denovo,split_30
274,0.7217046090934427,opticlust_denovo,split_30
350,0.7209788513536511,opticlust_denovo,split_30
68,0.6944527885837293,opticlust_denovo,split_31
137,0.6972630354756326,opticlust_denovo,split_31
274,0.69969746577311,opticlust_denovo,split_31
350,0.6990839219248313,opticlust_denovo,split_31
68,0.686813869049493,opticlust_denovo,split_32
137,0.6898445964747504,opticlust_denovo,split_32
274,0.6907086400610508,opticlust_denovo,split_32
350,0.6899162166998164,opticlust_denovo,split_32
68,0.6839819931443676,opticlust_denovo,split_33
137,0.6888723287812045,opticlust_denovo,split_33
274,0.6903425201268474,opticlust_denovo,split_33
350,0.69180347128455,opticlust_denovo,split_33
68,0.6908252467899291,opticlust_denovo,split_34
137,0.6981457208756117,opticlust_denovo,split_34
274,0.7028037032745315,opticlust_denovo,split_34
350,0.7048378694009806,opticlust_denovo,split_34
68,0.6838706840352932,opticlust_denovo,split_35
137,0.6828523070183357,opticlust_denovo,split_35
274,0.6828944327013828,opticlust_denovo,split_35
350,0.6810306447798572,opticlust_denovo,split_35
68,0.6886161778972891,opticlust_denovo,split_36
137,0.6924601915490287,opticlust_denovo,split_36
274,0.6930251831509495,opticlust_denovo,split_36
350,0.6935793739467568,opticlust_denovo,split_36
68,0.6842270717883188,opticlust_denovo,split_37
137,0.6903288500976048,opticlust_denovo,split_37
274,0.6922013075021697,opticlust_denovo,split_37
350,0.691471198970671,opticlust_denovo,split_37
68,0.7093458401652809,opticlust_denovo,split_38
137,0.7137448869675539,opticlust_denovo,split_38
274,0.7181458830096804,opticlust_denovo,split_38
350,0.7174141619169369,opticlust_denovo,split_38
68,0.6886750603882249,opticlust_denovo,split_39
137,0.6923182123126264,opticlust_denovo,split_39
274,0.6947556172645184,opticlust_denovo,split_39
350,0.6943140073229944,opticlust_denovo,split_39
68,0.704481153674037,opticlust_denovo,split_40
137,0.7087006922027672,opticlust_denovo,split_40
274,0.7114232872148434,opticlust_denovo,split_40
350,0.710161735998213,opticlust_denovo,split_40
68,0.69190605627658,opticlust_denovo,split_41
137,0.6965420214741348,opticlust_denovo,split_41
274,0.6995199948494799,opticlust_denovo,split_41
350,0.6985943132721295,opticlust_denovo,split_41
68,0.7074048600897305,opticlust_denovo,split_42
137,0.7092186881024591,opticlust_denovo,split_42
274,0.709376346277356,opticlust_denovo,split_42
350,0.707546064588301,opticlust_denovo,split_42
68,0.7140788513890481,opticlust_denovo,split_43
137,0.7166761329406204,opticlust_denovo,split_43
274,0.7199538995252913,opticlust_denovo,split_43
350,0.7206026940045057,opticlust_denovo,split_43
68,0.6874116494832909,opticlust_denovo,split_44
137,0.6929320185932201,opticlust_denovo,split_44
274,0.6964060186947776,opticlust_denovo,split_44
350,0.6954901377105784,opticlust_denovo,split_44
68,0.693724829008695,opticlust_denovo,split_45
137,0.6984854575794139,opticlust_denovo,split_45
274,0.7008990029909407,opticlust_denovo,split_45
350,0.7017380210155071,opticlust_denovo,split_45
68,0.7034132971718405,opticlust_denovo,split_46
137,0.7088872748040423,opticlust_denovo,split_46
274,0.7130956768643522,opticlust_denovo,split_46
350,0.712862161357077,opticlust_denovo,split_46
68,0.6996092846781218,opticlust_denovo,split_47
137,0.7032980406627214,opticlust_denovo,split_47
274,0.7030480226715695,opticlust_denovo,split_47
350,0.7013905968478327,opticlust_denovo,split_47
68,0.7040559558748851,opticlust_denovo,split_48
137,0.7063961814120291,opticlust_denovo,split_48
274,0.7093325625752686,opticlust_denovo,split_48
350,0.7086952086764837,opticlust_denovo,split_48
68,0.6855488872339736,opticlust_denovo,split_49
137,0.6905803939555478,opticlust_denovo,split_49
274,0.692634456109968,opticlust_denovo,split_49
350,0.6921270704445415,opticlust_denovo,split_49
68,0.6857857785614337,opticlust_denovo,split_50
137,0.6919744901696051,opticlust_denovo,split_50
274,0.693457994120331,opticlust_denovo,split_50
350,0.6932425889227879,opticlust_denovo,split_50
68,0.6731707115554496,opticlust_denovo,split_51
137,0.6781676952085037,opticlust_denovo,split_51
274,0.6831764882111092,opticlust_denovo,split_51
350,0.6841447405904874,opticlust_denovo,split_51
68,0.6641270047323109,opticlust_denovo,split_52
137,0.667480224821204,opticlust_denovo,split_52
274,0.6686162970941758,opticlust_denovo,split_52
350,0.6695881646078399,opticlust_denovo,split_52
68,0.6899010145500436,opticlust_denovo,split_53
137,0.6946882304672407,opticlust_denovo,split_53
274,0.6956946438790718,opticlust_denovo,split_53
350,0.6971562932854826,opticlust_denovo,split_53
68,0.6995068317906001,opticlust_denovo,split_54
137,0.7028311138329472,opticlust_denovo,split_54
274,0.7058020166020115,opticlust_denovo,split_54
350,0.707357272431829,opticlust_denovo,split_54
68,0.7147646677777704,opticlust_denovo,split_55
137,0.7200637664019917,opticlust_denovo,split_55
274,0.723318928825648,opticlust_denovo,split_55
350,0.7230184576484003,opticlust_denovo,split_55
68,0.7229653549936486,opticlust_denovo,split_56
137,0.7276108650000254,opticlust_denovo,split_56
274,0.729167206856486,opticlust_denovo,split_56
350,0.7285784674627235,opticlust_denovo,split_56
68,0.6863036954785603,opticlust_denovo,split_57
137,0.6900199712920296,opticlust_denovo,split_57
274,0.691751091421358,opticlust_denovo,split_57
350,0.690807910578829,opticlust_denovo,split_57
68,0.6983045360352815,opticlust_denovo,split_58
137,0.7004804573599233,opticlust_denovo,split_58
274,0.6987273712947898,opticlust_denovo,split_58
350,0.6972581149701896,opticlust_denovo,split_58
68,0.6986926839613317,opticlust_denovo,split_59
137,0.7028034117495611,opticlust_denovo,split_59
274,0.7076474220005635,opticlust_denovo,split_59
350,0.7067181191732987,opticlust_denovo,split_59
68,0.687108993732287,opticlust_denovo,split_60
137,0.6886441530740518,opticlust_denovo,split_60
274,0.6892577981721024,opticlust_denovo,split_60
350,0.6894674044978351,opticlust_denovo,split_60
68,0.6985710280696119,opticlust_denovo,split_61
137,0.7024351077877012,opticlust_denovo,split_61
274,0.7034935654726395,opticlust_denovo,split_61
350,0.7020361091125153,opticlust_denovo,split_61
68,0.7001403738250079,opticlust_denovo,split_62
137,0.7048269967604536,opticlust_denovo,split_62
274,0.7066003549679818,opticlust_denovo,split_62
350,0.7053691530159091,opticlust_denovo,split_62
68,0.7015749972352082,opticlust_denovo,split_63
137,0.7061313855263123,opticlust_denovo,split_63
274,0.7074839883326149,opticlust_denovo,split_63
350,0.7078709598572839,opticlust_denovo,split_63
68,0.7175627237162605,opticlust_denovo,split_64
137,0.7227181947786638,opticlust_denovo,split_64
274,0.7254843178460395,opticlust_denovo,split_64
350,0.7251683603110018,opticlust_denovo,split_64
68,0.6804814558474235,opticlust_denovo,split_65
137,0.6857948166493404,opticlust_denovo,split_65
274,0.6885768264303976,opticlust_denovo,split_65
350,0.6898073121022038,opticlust_denovo,split_65
68,0.70564687859791,opticlust_denovo,split_66
137,0.7115806844266783,opticlust_denovo,split_66
274,0.713469114406402,opticlust_denovo,split_66
350,0.7131954158261613,opticlust_denovo,split_66
68,0.6703467493529291,opticlust_denovo,split_67
137,0.6739919139889987,opticlust_denovo,split_67
274,0.6767850253679565,opticlust_denovo,split_67
350,0.6760183059217342,opticlust_denovo,split_67
68,0.6901562371911979,opticlust_denovo,split_68
137,0.6959892649336413,opticlust_denovo,split_68
274,0.6992678995889646,opticlust_denovo,split_68
350,0.6987862856617206,opticlust_denovo,split_68
68,0.6903543502315068,opticlust_denovo,split_69
137,0.6944920803993686,opticlust_denovo,split_69
274,0.6977238825101408,opticlust_denovo,split_69
350,0.6985330966703502,opticlust_denovo,split_69
68,0.6752518279444616,opticlust_denovo,split_70
137,0.6793206524234346,opticlust_denovo,split_70
274,0.6803952511592103,opticlust_denovo,split_70
350,0.6805044467640498,opticlust_denovo,split_70
68,0.6920207246334281,opticlust_denovo,split_71
137,0.6967762309193954,opticlust_denovo,split_71
274,0.6963556933072758,opticlust_denovo,split_71
350,0.6973438706559512,opticlust_denovo,split_71
68,0.680654457521036,opticlust_denovo,split_72
137,0.6861111512145849,opticlust_denovo,split_72
274,0.6842612101906054,opticlust_denovo,split_72
350,0.6830547825342344,opticlust_denovo,split_72
68,0.686126997312726,opticlust_denovo,split_73
137,0.6890104029853557,opticlust_denovo,split_73
274,0.6908292943005494,opticlust_denovo,split_73
350,0.6912381837515599,opticlust_denovo,split_73
68,0.6838550826907386,opticlust_denovo,split_74
137,0.6879750662299873,opticlust_denovo,split_74
274,0.6899978814343061,opticlust_denovo,split_74
350,0.6892897142588289,opticlust_denovo,split_74
68,0.7148547016997533,opticlust_denovo,split_75
137,0.7201602229169274,opticlust_denovo,split_75
274,0.723730432544638,opticlust_denovo,split_75
350,0.7246902012572044,opticlust_denovo,split_75
68,0.6794689236227303,opticlust_denovo,split_76
137,0.6805448990826539,opticlust_denovo,split_76
274,0.6811643981959761,opticlust_denovo,split_76
350,0.6824320339112548,opticlust_denovo,split_76
68,0.7139179050004479,opticlust_denovo,split_77
137,0.7185858927039278,opticlust_denovo,split_77
274,0.7219244222297508,opticlust_denovo,split_77
350,0.7229130344106189,opticlust_denovo,split_77
68,0.7036633675615707,opticlust_denovo,split_78
137,0.7094433478863197,opticlust_denovo,split_78
274,0.7104668907800816,opticlust_denovo,split_78
350,0.7093299913450265,opticlust_denovo,split_78
68,0.6840597173056954,opticlust_denovo,split_79
137,0.6880305138815869,opticlust_denovo,split_79
274,0.6886334731537014,opticlust_denovo,split_79
350,0.6884424193495676,opticlust_denovo,split_79
68,0.675222889732679,opticlust_denovo,split_80
137,0.6771941581230094,opticlust_denovo,split_80
274,0.6771998995448826,opticlust_denovo,split_80
350,0.6763068928685374,opticlust_denovo,split_80
68,0.7006322504672348,opticlust_denovo,split_81
137,0.7055852987486003,opticlust_denovo,split_81
274,0.7052181561980528,opticlust_denovo,split_81
350,0.7059678178719122,opticlust_denovo,split_81
68,0.6956450288022727,opticlust_denovo,split_82
137,0.7017613579468099,opticlust_denovo,split_82
274,0.7055281904739589,opticlust_denovo,split_82
350,0.7041788352767854,opticlust_denovo,split_82
68,0.6973298132993736,opticlust_denovo,split_83
137,0.7012844510383935,opticlust_denovo,split_83
274,0.7019506702291513,opticlust_denovo,split_83
350,0.7007987005350023,opticlust_denovo,split_83
68,0.6937161280420902,opticlust_denovo,split_84
137,0.6967396138977219,opticlust_denovo,split_84
274,0.6986858678551865,opticlust_denovo,split_84
350,0.6984923839525021,opticlust_denovo,split_84
68,0.6777924797716859,opticlust_denovo,split_85
137,0.681757436958463,opticlust_denovo,split_85
274,0.6851902810356002,opticlust_denovo,split_85
350,0.6849050350549385,opticlust_denovo,split_85
68,0.6812597433103309,opticlust_denovo,split_86
137,0.686563806513017,opticlust_denovo,split_86
274,0.6893930820722157,opticlust_denovo,split_86
350,0.6906421083590438,opticlust_denovo,split_86
68,0.6626199921584327,opticlust_denovo,split_87
137,0.6657542220849317,opticlust_denovo,split_87
274,0.6659019079650109,opticlust_denovo,split_87
350,0.6657660747844172,opticlust_denovo,split_87
68,0.7113284342568902,opticlust_denovo,split_88
137,0.715997421899444,opticlust_denovo,split_88
274,0.7186733125708815,opticlust_denovo,split_88
350,0.7211756021659506,opticlust_denovo,split_88
68,0.6871570824615053,opticlust_denovo,split_89
137,0.6906552428230248,opticlust_denovo,split_89
274,0.6934025844551229,opticlust_denovo,split_89
350,0.693425891574229,opticlust_denovo,split_89
68,0.6695811683121079,opticlust_denovo,split_90
137,0.6722921189049935,opticlust_denovo,split_90
274,0.6720567842247341,opticlust_denovo,split_90
350,0.6705512260017445,opticlust_denovo,split_90
68,0.6962736795328087,opticlust_denovo,split_91
137,0.7023002855533402,opticlust_denovo,split_91
274,0.7047085621428497,opticlust_denovo,split_91
350,0.7051932565885903,opticlust_denovo,split_91
68,0.7118029319982629,opticlust_denovo,split_92
137,0.7203124316304906,opticlust_denovo,split_92
274,0.7259144516484052,opticlust_denovo,split_92
350,0.7271503917831407,opticlust_denovo,split_92
68,0.682784719371564,opticlust_denovo,split_93
137,0.6855750088966641,opticlust_denovo,split_93
274,0.6864767998220493,opticlust_denovo,split_93
350,0.6843451042282981,opticlust_denovo,split_93
68,0.6841227015963864,opticlust_denovo,split_94
137,0.6872209707542872,opticlust_denovo,split_94
274,0.684659756804007,opticlust_denovo,split_94
350,0.6827778738988777,opticlust_denovo,split_94
68,0.6639925034352585,opticlust_denovo,split_95
137,0.6688538947004261,opticlust_denovo,split_95
274,0.674766961113362,opticlust_denovo,split_95
350,0.6753516102669563,opticlust_denovo,split_95
68,0.7117102722167665,opticlust_denovo,split_96
137,0.7162555114532213,opticlust_denovo,split_96
274,0.7190798852408777,opticlust_denovo,split_96
350,0.7191317919233967,opticlust_denovo,split_96
68,0.6795086868880675,opticlust_denovo,split_97
137,0.6816172876069732,opticlust_denovo,split_97
274,0.6831692801658357,opticlust_denovo,split_97
350,0.6811466927102764,opticlust_denovo,split_97
68,0.6951480852846386,opticlust_denovo,split_98
137,0.7023288806284861,opticlust_denovo,split_98
274,0.7064003473178148,opticlust_denovo,split_98
350,0.7082892090913692,opticlust_denovo,split_98
68,0.6608733833532091,opticlust_denovo,split_99
137,0.6637546446401296,opticlust_denovo,split_99
274,0.6656086061740268,opticlust_denovo,split_99
350,0.6651024546223671,opticlust_denovo,split_99
68,0.6970922522867109,opticlust_denovo,split_100
137,0.6991115862114206,opticlust_denovo,split_100
274,0.6976139974988618,opticlust_denovo,split_100
350,0.6970083253758244,opticlust_denovo,split_100
68,0.6633291342689315,optifit_self,split_1
137,0.6697853890820091,optifit_self,split_1
274,0.6693197282872249,optifit_self,split_1
350,0.6716877865826517,optifit_self,split_1
68,0.6871880131221524,optifit_self,split_2
137,0.691872583340088,optifit_self,split_2
274,0.6913413155093222,optifit_self,split_2
350,0.6911538009002602,optifit_self,split_2
68,0.6833379872039493,optifit_self,split_3
137,0.6850000284651934,optifit_self,split_3
274,0.6837119302643109,optifit_self,split_3
350,0.6844362274953784,optifit_self,split_3
68,0.6611725326904014,optifit_self,split_4
137,0.6657000842391517,optifit_self,split_4
274,0.6696925007463561,optifit_self,split_4
350,0.6692153867594061,optifit_self,split_4
68,0.6788221705528431,optifit_self,split_5
137,0.6827819743441285,optifit_self,split_5
274,0.6837265391595573,optifit_self,split_5
350,0.6832569219344146,optifit_self,split_5
68,0.6783555626369177,optifit_self,split_6
137,0.6843536599465436,optifit_self,split_6
274,0.6881628666645989,optifit_self,split_6
350,0.6882936368895777,optifit_self,split_6
68,0.6893983270045806,optifit_self,split_7
137,0.6935249073946786,optifit_self,split_7
274,0.6940475841607424,optifit_self,split_7
350,0.6938365058768403,optifit_self,split_7
68,0.6867405100012215,optifit_self,split_8
137,0.6885920094981209,optifit_self,split_8
274,0.689275034857065,optifit_self,split_8
350,0.6873660880283134,optifit_self,split_8
68,0.6994916122023606,optifit_self,split_9
137,0.7043092807232144,optifit_self,split_9
274,0.7081966888716722,optifit_self,split_9
350,0.7083213605392947,optifit_self,split_9
68,0.6884158897871685,optifit_self,split_10
137,0.6938865400785427,optifit_self,split_10
274,0.6983841040121632,optifit_self,split_10
350,0.6981874350097785,optifit_self,split_10
68,0.7003231782906653,optifit_self,split_11
137,0.710192760023324,optifit_self,split_11
274,0.7172413841400543,optifit_self,split_11
350,0.7170036222544808,optifit_self,split_11
68,0.6881991210063136,optifit_self,split_12
137,0.6933639118072503,optifit_self,split_12
274,0.6949664564538224,optifit_self,split_12
350,0.6972023212952708,optifit_self,split_12
68,0.6702282283230235,optifit_self,split_13
137,0.6744072123908982,optifit_self,split_13
274,0.6764911109005433,optifit_self,split_13
350,0.6772886419681385,optifit_self,split_13
68,0.6905701055021661,optifit_self,split_14
137,0.6943834448026595,optifit_self,split_14
274,0.695235542463381,optifit_self,split_14
350,0.6952382936157031,optifit_self,split_14
68,0.690967676429158,optifit_self,split_15
137,0.6958881562581921,optifit_self,split_15
274,0.696863336698577,optifit_self,split_15
350,0.6968766003769745,optifit_self,split_15
68,0.6933976343318174,optifit_self,split_16
137,0.6988139230266668,optifit_self,split_16
274,0.7007879286609585,optifit_self,split_16
350,0.7025396524163836,optifit_self,split_16
68,0.7042741294918223,optifit_self,split_17
137,0.705667763768715,optifit_self,split_17
274,0.7062450859896586,optifit_self,split_17
350,0.7052518321837511,optifit_self,split_17
68,0.6807292145307211,optifit_self,split_18
137,0.683236313844503,optifit_self,split_18
274,0.6825477759179585,optifit_self,split_18
350,0.6819589846156134,optifit_self,split_18
68,0.7042829050777634,optifit_self,split_19
137,0.709500511083441,optifit_self,split_19
274,0.7109255947392091,optifit_self,split_19
350,0.7113368797667963,optifit_self,split_19
68,0.6830033701367701,optifit_self,split_20
137,0.6875992347796456,optifit_self,split_20
274,0.6908371024490816,optifit_self,split_20
350,0.6921195758955936,optifit_self,split_20
68,0.7137424266217066,optifit_self,split_21
137,0.717486935597866,optifit_self,split_21
274,0.7189728389226232,optifit_self,split_21
350,0.7181651695860309,optifit_self,split_21
68,0.6701906748738703,optifit_self,split_22
137,0.6696072960464085,optifit_self,split_22
274,0.6713493495554637,optifit_self,split_22
350,0.6697432709598757,optifit_self,split_22
68,0.6962805176620699,optifit_self,split_23
137,0.7029086196671163,optifit_self,split_23
274,0.7060707047779363,optifit_self,split_23
350,0.7054858435710002,optifit_self,split_23
68,0.6782242111609332,optifit_self,split_24
137,0.6809670541786734,optifit_self,split_24
274,0.6813496984581398,optifit_self,split_24
350,0.6790009523854044,optifit_self,split_24
68,0.6705203757033612,optifit_self,split_25
137,0.6750845451193198,optifit_self,split_25
274,0.6775661565306756,optifit_self,split_25
350,0.6769017668934919,optifit_self,split_25
68,0.7019957752867395,optifit_self,split_26
137,0.7068209251112648,optifit_self,split_26
274,0.7097475317280959,optifit_self,split_26
350,0.7084986843407359,optifit_self,split_26
68,0.7042259895094726,optifit_self,split_27
137,0.7112233481024591,optifit_self,split_27
274,0.7145706501118806,optifit_self,split_27
350,0.7135942971033161,optifit_self,split_27
68,0.6956902629101386,optifit_self,split_28
137,0.7021069475980848,optifit_self,split_28
274,0.7040635887472781,optifit_self,split_28
350,0.7045191870044746,optifit_self,split_28
68,0.7027581060333123,optifit_self,split_29
137,0.7057957141956098,optifit_self,split_29
274,0.7059003608342528,optifit_self,split_29
350,0.7067259055039568,optifit_self,split_29
68,0.7043158264703548,optifit_self,split_30
137,0.7084270159468169,optifit_self,split_30
274,0.7104237154619348,optifit_self,split_30
350,0.7113479848844532,optifit_self,split_30
68,0.6858740042926987,optifit_self,split_31
137,0.6883928495180925,optifit_self,split_31
274,0.6890070291318484,optifit_self,split_31
350,0.6878317982189949,optifit_self,split_31
68,0.696806859592876,optifit_self,split_32
137,0.6986000011773604,optifit_self,split_32
274,0.701869098260915,optifit_self,split_32
350,0.7017565889774459,optifit_self,split_32
68,0.6785484357378949,optifit_self,split_33
137,0.6814118096151894,optifit_self,split_33
274,0.6821653055870056,optifit_self,split_33
350,0.6818788709418974,optifit_self,split_33
68,0.691016838106541,optifit_self,split_34
137,0.6975189764524777,optifit_self,split_34
274,0.7030422395235199,optifit_self,split_34
350,0.702127488889804,optifit_self,split_34
68,0.6791458248800424,optifit_self,split_35
137,0.6798642001594655,optifit_self,split_35
274,0.678911380687237,optifit_self,split_35
350,0.6782100929535817,optifit_self,split_35
68,0.6890012641846188,optifit_self,split_36
137,0.6897410157163103,optifit_self,split_36
274,0.6904916147941585,optifit_self,split_36
350,0.6886392817241745,optifit_self,split_36
68,0.6683289849260865,optifit_self,split_37
137,0.6715092283336814,optifit_self,split_37
274,0.67539534661694,optifit_self,split_37
350,0.6762801837411471,optifit_self,split_37
68,0.7129323480407712,optifit_self,split_38
137,0.7165640444890019,optifit_self,split_38
274,0.7162243477488329,optifit_self,split_38
350,0.7165109100005519,optifit_self,split_38
68,0.6902502266883175,optifit_self,split_39
137,0.6921082759494518,optifit_self,split_39
274,0.6918657760996761,optifit_self,split_39
350,0.6919239063081299,optifit_self,split_39
68,0.695744567530701,optifit_self,split_40
137,0.7015499726684672,optifit_self,split_40
274,0.702948670644133,optifit_self,split_40
350,0.7018515589707562,optifit_self,split_40
68,0.6899294748293018,optifit_self,split_41
137,0.69268531780639,optifit_self,split_41
274,0.6937460700473335,optifit_self,split_41
350,0.6925617665849377,optifit_self,split_41
68,0.7042580473857748,optifit_self,split_42
137,0.7096819019537963,optifit_self,split_42
274,0.7099393195593727,optifit_self,split_42
350,0.7115045913070849,optifit_self,split_42
68,0.7027409158756994,optifit_self,split_43
137,0.7082163012510921,optifit_self,split_43
274,0.7098122443802946,optifit_self,split_43
350,0.7112394853497398,optifit_self,split_43
68,0.6959637703426849,optifit_self,split_44
137,0.7020370434701606,optifit_self,split_44
274,0.7047081989894322,optifit_self,split_44
350,0.7056316476199439,optifit_self,split_44
68,0.690803544585062,optifit_self,split_45
137,0.6961300217376953,optifit_self,split_45
274,0.7008122173187945,optifit_self,split_45
350,0.7015150467278997,optifit_self,split_45
68,0.6891498012514093,optifit_self,split_46
137,0.6916211453138484,optifit_self,split_46
274,0.6924043164717674,optifit_self,split_46
350,0.6938396779685169,optifit_self,split_46
68,0.6906020118566233,optifit_self,split_47
137,0.6924954768497609,optifit_self,split_47
274,0.6907293977021219,optifit_self,split_47
350,0.6905501962409433,optifit_self,split_47
68,0.7021698883208048,optifit_self,split_48
137,0.7065398343157999,optifit_self,split_48
274,0.7079183261938734,optifit_self,split_48
350,0.7074817961959514,optifit_self,split_48
68,0.6879795205992257,optifit_self,split_49
137,0.6935572589396827,optifit_self,split_49
274,0.6975164857713452,optifit_self,split_49
350,0.6970702800915018,optifit_self,split_49
68,0.6794636314629966,optifit_self,split_50
137,0.6874566728313086,optifit_self,split_50
274,0.6892379769650706,optifit_self,split_50
350,0.6899316760149143,optifit_self,split_50
68,0.6524451959383522,optifit_self,split_51
137,0.6570605034792841,optifit_self,split_51
274,0.6596817483559102,optifit_self,split_51
350,0.6606832661296765,optifit_self,split_51
68,0.6591988932334173,optifit_self,split_52
137,0.6646209736963449,optifit_self,split_52
274,0.6664926936639012,optifit_self,split_52
350,0.6664728233496813,optifit_self,split_52
68,0.6872393964565953,optifit_self,split_53
137,0.6949034269939015,optifit_self,split_53
274,0.6986547164886087,optifit_self,split_53
350,0.6988274624113969,optifit_self,split_53
68,0.6895229652172002,optifit_self,split_54
137,0.6955974756096801,optifit_self,split_54
274,0.6977143623455605,optifit_self,split_54
350,0.6986014186192459,optifit_self,split_54
68,0.7101302656541675,optifit_self,split_55
137,0.7146090515237967,optifit_self,split_55
274,0.7149040842007591,optifit_self,split_55
350,0.7161777291328206,optifit_self,split_55
68,0.7196804651776908,optifit_self,split_56
137,0.7269033318642694,optifit_self,split_56
274,0.7305042301122633,optifit_self,split_56
350,0.730393309157196,optifit_self,split_56
68,0.6947639692512426,optifit_self,split_57
137,0.6998593445558057,optifit_self,split_57
274,0.7016324869567101,optifit_self,split_57
350,0.7013664869446411,optifit_self,split_57
68,0.702578458148438,optifit_self,split_58
137,0.7050783621214651,optifit_self,split_58
274,0.7076869257777856,optifit_self,split_58
350,0.7089716328390381,optifit_self,split_58
68,0.6998315063447236,optifit_self,split_59
137,0.7066471778715289,optifit_self,split_59
274,0.7071379427898679,optifit_self,split_59
350,0.7075483782387093,optifit_self,split_59
68,0.6838273121288578,optifit_self,split_60
137,0.6887015992242859,optifit_self,split_60
274,0.6879675088278324,optifit_self,split_60
350,0.6890444618267411,optifit_self,split_60
68,0.6955419659365104,optifit_self,split_61
137,0.7020458912700613,optifit_self,split_61
274,0.7030938908440613,optifit_self,split_61
350,0.7044916348402106,optifit_self,split_61
68,0.7004156846212769,optifit_self,split_62
137,0.7044477272313537,optifit_self,split_62
274,0.7043743617790601,optifit_self,split_62
350,0.7047075989446562,optifit_self,split_62
68,0.6987429954940297,optifit_self,split_63
137,0.703062882065152,optifit_self,split_63
274,0.7048654573906076,optifit_self,split_63
350,0.7046147467858909,optifit_self,split_63
68,0.6969062111373924,optifit_self,split_64
137,0.7026801526597463,optifit_self,split_64
274,0.703782055944054,optifit_self,split_64
350,0.7025504327481898,optifit_self,split_64
68,0.6820390264694506,optifit_self,split_65
137,0.6855453950348539,optifit_self,split_65
274,0.6877397297905699,optifit_self,split_65
350,0.6863196055045911,optifit_self,split_65
68,0.7014992610856006,optifit_self,split_66
137,0.7031464929792718,optifit_self,split_66
274,0.7037919215958037,optifit_self,split_66
350,0.7045259842639264,optifit_self,split_66
68,0.663900468327213,optifit_self,split_67
137,0.6682981604043431,optifit_self,split_67
274,0.6716791104424915,optifit_self,split_67
350,0.6723431919636422,optifit_self,split_67
68,0.6864034108221821,optifit_self,split_68
137,0.6946612654322534,optifit_self,split_68
274,0.6978896665133617,optifit_self,split_68
350,0.6984878511356557,optifit_self,split_68
68,0.6976643739779477,optifit_self,split_69
137,0.7029864606184812,optifit_self,split_69
274,0.706134012541944,optifit_self,split_69
350,0.7062372911889042,optifit_self,split_69
68,0.6647584383578659,optifit_self,split_70
137,0.6694145060830708,optifit_self,split_70
274,0.6715713915758148,optifit_self,split_70
350,0.6708211188493101,optifit_self,split_70
68,0.6862262985927626,optifit_self,split_71
137,0.68919218046326,optifit_self,split_71
274,0.6919699967972773,optifit_self,split_71
350,0.6907509374311228,optifit_self,split_71
68,0.6799323992319146,optifit_self,split_72
137,0.6854586435249695,optifit_self,split_72
274,0.68926491093026665,optifit_self,split_72
350,0.6872941764935199,optifit_self,split_72
68,0.6853343941298481,optifit_self,split_73
137,0.6875417725923119,optifit_self,split_73
274,0.6882480164865638,optifit_self,split_73
350,0.6882428958249088,optifit_self,split_73
68,0.6806424813921448,optifit_self,split_74
137,0.6849726076914215,optifit_self,split_74
274,0.684941315948296,optifit_self,split_74
350,0.6856307492125338,optifit_self,split_74
68,0.699066115516464,optifit_self,split_75
137,0.7055737136756928,optifit_self,split_75
274,0.7078207121419602,optifit_self,split_75
350,0.7073446398343984,optifit_self,split_75
68,0.683756609877269,optifit_self,split_76
137,0.6857033069366172,optifit_self,split_76
274,0.6859109390430045,optifit_self,split_76
350,0.6854896424781971,optifit_self,split_76
68,0.7119805983279178,optifit_self,split_77
137,0.7163409442988017,optifit_self,split_77
274,0.7180511096472139,optifit_self,split_77
350,0.718973178056747,optifit_self,split_77
68,0.7030411411975872,optifit_self,split_78
137,0.7103314263049901,optifit_self,split_78
274,0.7143012396428864,optifit_self,split_78
350,0.7156767179209752,optifit_self,split_78
68,0.6832399948899092,optifit_self,split_79
137,0.6876934806720536,optifit_self,split_79
274,0.688356143056025,optifit_self,split_79
350,0.6876467021855754,optifit_self,split_79
68,0.6790266446797744,optifit_self,split_80
137,0.6821376015444928,optifit_self,split_80
274,0.6813942976675554,optifit_self,split_80
350,0.6800347607712454,optifit_self,split_80
68,0.7073804988676864,optifit_self,split_81
137,0.7138158136188081,optifit_self,split_81
274,0.7143565559299342,optifit_self,split_81
350,0.7149680721070396,optifit_self,split_81
68,0.6968111017124535,optifit_self,split_82
137,0.699336751594949,optifit_self,split_82
274,0.7031007925401933,optifit_self,split_82
350,0.7035284172240699,optifit_self,split_82
68,0.7029244610611791,optifit_self,split_83
137,0.7084869711551258,optifit_self,split_83
274,0.7110882732921435,optifit_self,split_83
350,0.7112098606331579,optifit_self,split_83
68,0.6826078569686977,optifit_self,split_84
137,0.6846592292355618,optifit_self,split_84
274,0.684312141699399,optifit_self,split_84
350,0.684883978596047,optifit_self,split_84
68,0.6747353331886629,optifit_self,split_85
137,0.6788566154632714,optifit_self,split_85
274,0.684324514436387,optifit_self,split_85
350,0.6838975105976146,optifit_self,split_85
68,0.6799460080611814,optifit_self,split_86
137,0.6834152206993609,optifit_self,split_86
274,0.6863458089870321,optifit_self,split_86
350,0.6872990626611666,optifit_self,split_86
68,0.6619441250428103,optifit_self,split_87
137,0.6631110127736906,optifit_self,split_87
274,0.6632350336189391,optifit_self,split_87
350,0.6615706312512343,optifit_self,split_87
68,0.710603015555636,optifit_self,split_88
137,0.7144242030141705,optifit_self,split_88
274,0.717540981693467,optifit_self,split_88
350,0.7184433676936565,optifit_self,split_88
68,0.669829976800505,optifit_self,split_89
137,0.6708188492012723,optifit_self,split_89
274,0.6698488945775926,optifit_self,split_89
350,0.6694459066389097,optifit_self,split_89
68,0.668887333230173,optifit_self,split_90
137,0.6724560938173583,optifit_self,split_90
274,0.6739212008055144,optifit_self,split_90
350,0.6733346187262325,optifit_self,split_90
68,0.6948456460314782,optifit_self,split_91
137,0.7004748549755498,optifit_self,split_91
274,0.7041701278893052,optifit_self,split_91
350,0.7038708108599192,optifit_self,split_91
68,0.6880823344689991,optifit_self,split_92
137,0.6917453865629309,optifit_self,split_92
274,0.6955526505754512,optifit_self,split_92
350,0.6979829685094956,optifit_self,split_92
68,0.6830845120215749,optifit_self,split_93
137,0.6858224165997879,optifit_self,split_93
274,0.6871351474693189,optifit_self,split_93
350,0.6876752536835915,optifit_self,split_93
68,0.6734617801377178,optifit_self,split_94
137,0.6757020470799168,optifit_self,split_94
274,0.6750341201635255,optifit_self,split_94
350,0.6737792128504116,optifit_self,split_94
68,0.6501697389979159,optifit_self,split_95
137,0.6531104333824559,optifit_self,split_95
274,0.657249036828422,optifit_self,split_95
350,0.6579705793963342,optifit_self,split_95
68,0.7072398899123329,optifit_self,split_96
137,0.7129770875056,optifit_self,split_96
274,0.7165887149575328,optifit_self,split_96
350,0.7166629402459925,optifit_self,split_96
68,0.6729439293115325,optifit_self,split_97
137,0.6798580716904098,optifit_self,split_97
274,0.6812167666099447,optifit_self,split_97
350,0.6827683729350776,optifit_self,split_97
68,0.6934899523272186,optifit_self,split_98
137,0.6993966587010652,optifit_self,split_98
274,0.7040188137871853,optifit_self,split_98
350,0.7043733341026275,optifit_self,split_98
68,0.6589127041704295,optifit_self,split_99
137,0.6630421758987933,optifit_self,split_99
274,0.6615401730938353,optifit_self,split_99
350,0.6611265507951695,optifit_self,split_99
68,0.6865659490318854,optifit_self,split_100
137,0.6873527180424851,optifit_self,split_100
274,0.6869092421251689,optifit_self,split_100
350,0.6844008680195959,optifit_self,split_100
68,0.6750136605943148,optifit_gg,split_1
137,0.6746542739572965,optifit_gg,split_1
274,0.6707553441937637,optifit_gg,split_1
350,0.6688423692453136,optifit_gg,split_1
68,0.6963836710512588,optifit_gg,split_2
137,0.6960068804946914,optifit_gg,split_2
274,0.6922169628783718,optifit_gg,split_2
350,0.6901149141507148,optifit_gg,split_2
68,0.7047579772586283,optifit_gg,split_3
137,0.7024836198126636,optifit_gg,split_3
274,0.6972616100176082,optifit_gg,split_3
350,0.6960446439706368,optifit_gg,split_3
68,0.6737378206072524,optifit_gg,split_4
137,0.6767923575240222,optifit_gg,split_4
274,0.6727530820130275,optifit_gg,split_4
350,0.6718624446112382,optifit_gg,split_4
68,0.6845808894373896,optifit_gg,split_5
137,0.6822796535941467,optifit_gg,split_5
274,0.6775829781304666,optifit_gg,split_5
350,0.676078687870588,optifit_gg,split_5
68,0.6619614493755023,optifit_gg,split_6
137,0.66103291130874,optifit_gg,split_6
274,0.6564140794406574,optifit_gg,split_6
350,0.6577665699084092,optifit_gg,split_6
68,0.6916203884551391,optifit_gg,split_7
137,0.6887189232753963,optifit_gg,split_7
274,0.6836088742266476,optifit_gg,split_7
350,0.680945279150708,optifit_gg,split_7
68,0.6881609182932769,optifit_gg,split_8
137,0.6853577926114084,optifit_gg,split_8
274,0.6825201942638581,optifit_gg,split_8
350,0.6812811292798646,optifit_gg,split_8
68,0.698263895423699,optifit_gg,split_9
137,0.6961130665045233,optifit_gg,split_9
274,0.6911207107046072,optifit_gg,split_9
350,0.6895186987276818,optifit_gg,split_9
68,0.6990649531638328,optifit_gg,split_10
137,0.6999621641377634,optifit_gg,split_10
274,0.6986216474403204,optifit_gg,split_10
350,0.6963227724374856,optifit_gg,split_10
68,0.6953645702996921,optifit_gg,split_11
137,0.6914457043727306,optifit_gg,split_11
274,0.68795322419362,optifit_gg,split_11
350,0.6850258003020191,optifit_gg,split_11
68,0.7020865103530708,optifit_gg,split_12
137,0.7014583845123586,optifit_gg,split_12
274,0.6993068383031403,optifit_gg,split_12
350,0.6962924886882741,optifit_gg,split_12
68,0.6830418757678423,optifit_gg,split_13
137,0.6829459250536754,optifit_gg,split_13
274,0.6789739159413262,optifit_gg,split_13
350,0.6778689943342036,optifit_gg,split_13
68,0.7083156257692794,optifit_gg,split_14
137,0.7110117929067069,optifit_gg,split_14
274,0.7116649625577801,optifit_gg,split_14
350,0.7098854740298435,optifit_gg,split_14
68,0.6903429710917971,optifit_gg,split_15
137,0.6899793141977247,optifit_gg,split_15
274,0.6868092739386983,optifit_gg,split_15
350,0.6858069813456092,optifit_gg,split_15
68,0.6936765112836418,optifit_gg,split_16
137,0.6892809667110849,optifit_gg,split_16
274,0.6837705696090258,optifit_gg,split_16
350,0.6822018654757552,optifit_gg,split_16
68,0.687609202603146,optifit_gg,split_17
137,0.6843767762212184,optifit_gg,split_17
274,0.6795498396728697,optifit_gg,split_17
350,0.677744696297927,optifit_gg,split_17
68,0.682154091663186,optifit_gg,split_18
137,0.6788526689505283,optifit_gg,split_18
274,0.6761315493379948,optifit_gg,split_18
350,0.6736543529130098,optifit_gg,split_18
68,0.6995228799574319,optifit_gg,split_19
137,0.6981624992150283,optifit_gg,split_19
274,0.6945454777903104,optifit_gg,split_19
350,0.6926451035109794,optifit_gg,split_19
68,0.6846315099637416,optifit_gg,split_20
137,0.6803196923149761,optifit_gg,split_20
274,0.6743101899767678,optifit_gg,split_20
350,0.6752860698194721,optifit_gg,split_20
68,0.7134560919143564,optifit_gg,split_21
137,0.7118075564971016,optifit_gg,split_21
274,0.7094978428658888,optifit_gg,split_21
350,0.7082273763740357,optifit_gg,split_21
68,0.6818695461472662,optifit_gg,split_22
137,0.6826180822864438,optifit_gg,split_22
274,0.6787439047056016,optifit_gg,split_22
350,0.6765230226942971,optifit_gg,split_22
68,0.7050829153548285,optifit_gg,split_23
137,0.701007832045575,optifit_gg,split_23
274,0.6949300901899919,optifit_gg,split_23
350,0.6916185002082086,optifit_gg,split_23
68,0.6833597336394985,optifit_gg,split_24
137,0.68085913180621,optifit_gg,split_24
274,0.6780360873918123,optifit_gg,split_24
350,0.674661513882385,optifit_gg,split_24
68,0.678858072942505,optifit_gg,split_25
137,0.6789155897392459,optifit_gg,split_25
274,0.6770699933557186,optifit_gg,split_25
350,0.678390095411113,optifit_gg,split_25
68,0.713339879383775,optifit_gg,split_26
137,0.71210167640396,optifit_gg,split_26
274,0.7103271609011785,optifit_gg,split_26
350,0.7086058492885435,optifit_gg,split_26
68,0.7188573139656187,optifit_gg,split_27
137,0.7182588742116711,optifit_gg,split_27
274,0.7186263646312661,optifit_gg,split_27
350,0.7176473569454618,optifit_gg,split_27
68,0.6846234975270752,optifit_gg,split_28
137,0.6829047078469198,optifit_gg,split_28
274,0.678383536569596,optifit_gg,split_28
350,0.6770376664106184,optifit_gg,split_28
68,0.7147608526176408,optifit_gg,split_29
137,0.7152705237319261,optifit_gg,split_29
274,0.7118844213287534,optifit_gg,split_29
350,0.7108141186999103,optifit_gg,split_29
68,0.7138668061247658,optifit_gg,split_30
137,0.7134957185364267,optifit_gg,split_30
274,0.7097031676466906,optifit_gg,split_30
350,0.7089205826321602,optifit_gg,split_30
68,0.7078353490137065,optifit_gg,split_31
137,0.7062742889264363,optifit_gg,split_31
274,0.7001722230184851,optifit_gg,split_31
350,0.6991966113089947,optifit_gg,split_31
68,0.6964212262157473,optifit_gg,split_32
137,0.6948428535983026,optifit_gg,split_32
274,0.6921536312825077,optifit_gg,split_32
350,0.6918960826855062,optifit_gg,split_32
68,0.6842655603809717,optifit_gg,split_33
137,0.6838271865474856,optifit_gg,split_33
274,0.6829654242547156,optifit_gg,split_33
350,0.6813542102283728,optifit_gg,split_33
68,0.7009909599263832,optifit_gg,split_34
137,0.7016431831072522,optifit_gg,split_34
274,0.7009816559062316,optifit_gg,split_34
350,0.7007456797933656,optifit_gg,split_34
68,0.6886281208895494,optifit_gg,split_35
137,0.6850228318373176,optifit_gg,split_35
274,0.679678745247524,optifit_gg,split_35
350,0.6768119987860733,optifit_gg,split_35
68,0.6916944334605062,optifit_gg,split_36
137,0.6912481435517261,optifit_gg,split_36
274,0.686432989232821,optifit_gg,split_36
350,0.686842051224642,optifit_gg,split_36
68,0.6893392964193181,optifit_gg,split_37
137,0.6872543119037939,optifit_gg,split_37
274,0.6865957117368227,optifit_gg,split_37
350,0.6845807076961922,optifit_gg,split_37
68,0.7152132029150589,optifit_gg,split_38
137,0.7122792035819917,optifit_gg,split_38
274,0.710300941776839,optifit_gg,split_38
350,0.7076939226844627,optifit_gg,split_38
68,0.698604456155386,optifit_gg,split_39
137,0.6970056727402075,optifit_gg,split_39
274,0.6940257932970086,optifit_gg,split_39
350,0.6920426297541309,optifit_gg,split_39
68,0.7044226776910348,optifit_gg,split_40
137,0.7050731460051128,optifit_gg,split_40
274,0.7021857725312016,optifit_gg,split_40
350,0.7013655724454143,optifit_gg,split_40
68,0.6976386826807742,optifit_gg,split_41
137,0.6973494117638256,optifit_gg,split_41
274,0.6951186686647238,optifit_gg,split_41
350,0.6927717856244764,optifit_gg,split_41
68,0.7033157410002369,optifit_gg,split_42
137,0.7031155020431895,optifit_gg,split_42
274,0.7004949193742787,optifit_gg,split_42
350,0.6995250675249332,optifit_gg,split_42
68,0.7207976340952551,optifit_gg,split_43
137,0.7236800425373302,optifit_gg,split_43
274,0.7226505031101407,optifit_gg,split_43
350,0.7218773045605056,optifit_gg,split_43
68,0.6968730844913081,optifit_gg,split_44
137,0.6945110759147108,optifit_gg,split_44
274,0.6907528807065978,optifit_gg,split_44
350,0.6894981112239058,optifit_gg,split_44
68,0.7027486421366637,optifit_gg,split_45
137,0.7042078700716722,optifit_gg,split_45
274,0.7063502776673602,optifit_gg,split_45
350,0.705694317892041,optifit_gg,split_45
68,0.700989533819333,optifit_gg,split_46
137,0.7006031852609491,optifit_gg,split_46
274,0.6969629362334009,optifit_gg,split_46
350,0.6950905517099911,optifit_gg,split_46
68,0.6963632058395453,optifit_gg,split_47
137,0.692454223001473,optifit_gg,split_47
274,0.6871185268995516,optifit_gg,split_47
350,0.6846192864069504,optifit_gg,split_47
68,0.7073797318708465,optifit_gg,split_48
137,0.705558251441184,optifit_gg,split_48
274,0.7017139109979935,optifit_gg,split_48
350,0.7009935755953457,optifit_gg,split_48
68,0.6910535956957458,optifit_gg,split_49
137,0.6879556535622837,optifit_gg,split_49
274,0.6850842828941788,optifit_gg,split_49
350,0.6838427101698881,optifit_gg,split_49
68,0.682034231036304,optifit_gg,split_50
137,0.681844392224712,optifit_gg,split_50
274,0.6794396452281782,optifit_gg,split_50
350,0.6780268454628123,optifit_gg,split_50
68,0.6763472682746646,optifit_gg,split_51
137,0.6761817119816966,optifit_gg,split_51
274,0.6759929370507706,optifit_gg,split_51
350,0.6753505861852169,optifit_gg,split_51
68,0.6697264898486059,optifit_gg,split_52
137,0.6649810990218259,optifit_gg,split_52
274,0.6623166311191295,optifit_gg,split_52
350,0.6587916154512714,optifit_gg,split_52
68,0.6868199792926738,optifit_gg,split_53
137,0.6841250123002746,optifit_gg,split_53
274,0.6796834921642054,optifit_gg,split_53
350,0.6798598797516566,optifit_gg,split_53
68,0.7009433390380078,optifit_gg,split_54
137,0.6998738840489839,optifit_gg,split_54
274,0.6965303996792187,optifit_gg,split_54
350,0.6947282937170668,optifit_gg,split_54
68,0.7141551440060456,optifit_gg,split_55
137,0.7100444441724207,optifit_gg,split_55
274,0.7066168513545514,optifit_gg,split_55
350,0.7043424987966319,optifit_gg,split_55
68,0.7245048274006928,optifit_gg,split_56
137,0.7254095481107172,optifit_gg,split_56
274,0.722040411159219,optifit_gg,split_56
350,0.72033688761975,optifit_gg,split_56
68,0.6869741758480968,optifit_gg,split_57
137,0.6854873720355246,optifit_gg,split_57
274,0.682884349081842,optifit_gg,split_57
350,0.6808895921005067,optifit_gg,split_57
68,0.7106869233416421,optifit_gg,split_58
137,0.7120859059088233,optifit_gg,split_58
274,0.7091263553169981,optifit_gg,split_58
350,0.709032001337514,optifit_gg,split_58
68,0.6945845652586405,optifit_gg,split_59
137,0.6923723042571021,optifit_gg,split_59
274,0.690153702973195,optifit_gg,split_59
350,0.6876211482349006,optifit_gg,split_59
68,0.6836728332859788,optifit_gg,split_60
137,0.681323633365707,optifit_gg,split_60
274,0.6769215687725663,optifit_gg,split_60
350,0.6743528555287496,optifit_gg,split_60
68,0.6967044302085273,optifit_gg,split_61
137,0.6969867642012243,optifit_gg,split_61
274,0.6958608468240757,optifit_gg,split_61
350,0.6949775888028836,optifit_gg,split_61
68,0.6889629684454499,optifit_gg,split_62
137,0.6886200051932961,optifit_gg,split_62
274,0.6824332998521853,optifit_gg,split_62
350,0.6815566987330398,optifit_gg,split_62
68,0.7079968440358965,optifit_gg,split_63
137,0.7077819886192591,optifit_gg,split_63
274,0.7056155781638056,optifit_gg,split_63
350,0.7047725601583125,optifit_gg,split_63
68,0.7053501219356959,optifit_gg,split_64
137,0.7028808631438567,optifit_gg,split_64
274,0.6991723723831982,optifit_gg,split_64
350,0.697294681016314,optifit_gg,split_64
68,0.6855923405900786,optifit_gg,split_65
137,0.683860481392404,optifit_gg,split_65
274,0.680426016058944,optifit_gg,split_65
350,0.6781245633757499,optifit_gg,split_65
68,0.7003266094783351,optifit_gg,split_66
137,0.6990845729541993,optifit_gg,split_66
274,0.6939593653023599,optifit_gg,split_66
350,0.6907196383345667,optifit_gg,split_66
68,0.6743693832822977,optifit_gg,split_67
137,0.673940855415714,optifit_gg,split_67
274,0.6721261170199258,optifit_gg,split_67
350,0.6701439928128946,optifit_gg,split_67
68,0.690480627294881,optifit_gg,split_68
137,0.6903827621610642,optifit_gg,split_68
274,0.6899917530447516,optifit_gg,split_68
350,0.6894309870238644,optifit_gg,split_68
68,0.6971689242024657,optifit_gg,split_69
137,0.6977318330481744,optifit_gg,split_69
274,0.6975881503155688,optifit_gg,split_69
350,0.6958290892316087,optifit_gg,split_69
68,0.6784547546304838,optifit_gg,split_70
137,0.6754293750152538,optifit_gg,split_70
274,0.6704559680661278,optifit_gg,split_70
350,0.6699821651020429,optifit_gg,split_70
68,0.6926087046640956,optifit_gg,split_71
137,0.6907233038794428,optifit_gg,split_71
274,0.6879486077649931,optifit_gg,split_71
350,0.6877385161812251,optifit_gg,split_71
68,0.6823647092201579,optifit_gg,split_72
137,0.6792884526464888,optifit_gg,split_72
274,0.6751279639070797,optifit_gg,split_72
350,0.672189566351092,optifit_gg,split_72
68,0.694196006628214,optifit_gg,split_73
137,0.6917327448861273,optifit_gg,split_73
274,0.6889568305292161,optifit_gg,split_73
350,0.6871641996417824,optifit_gg,split_73
68,0.6792000623704216,optifit_gg,split_74
137,0.6779582766210003,optifit_gg,split_74
274,0.6735105301547369,optifit_gg,split_74
350,0.6713458955153454,optifit_gg,split_74
68,0.7130012045965421,optifit_gg,split_75
137,0.7135031622146167,optifit_gg,split_75
274,0.7128879051646924,optifit_gg,split_75
350,0.712038888816994,optifit_gg,split_75
68,0.6948399850589473,optifit_gg,split_76
137,0.6911586432282547,optifit_gg,split_76
274,0.6864644995148051,optifit_gg,split_76
350,0.6839012083320528,optifit_gg,split_76
68,0.7169076376507374,optifit_gg,split_77
137,0.7172735840220251,optifit_gg,split_77
274,0.7128848684418382,optifit_gg,split_77
350,0.7110302885386174,optifit_gg,split_77
68,0.7084208811748844,optifit_gg,split_78
137,0.7066476025513314,optifit_gg,split_78
274,0.7037956937919706,optifit_gg,split_78
350,0.7025406952302861,optifit_gg,split_78
68,0.6902844172313849,optifit_gg,split_79
137,0.689479915812774,optifit_gg,split_79
274,0.6855060110782608,optifit_gg,split_79
350,0.6838428153305489,optifit_gg,split_79
68,0.6694611794725792,optifit_gg,split_80
137,0.6676868065708282,optifit_gg,split_80
274,0.6605944341539242,optifit_gg,split_80
350,0.6609573109953089,optifit_gg,split_80
68,0.7087741055667145,optifit_gg,split_81
137,0.7076492159920034,optifit_gg,split_81
274,0.7031642444552082,optifit_gg,split_81
350,0.7022023212845006,optifit_gg,split_81
68,0.709156814633614,optifit_gg,split_82
137,0.7089667804372535,optifit_gg,split_82
274,0.7059955210893983,optifit_gg,split_82
350,0.7049879000188717,optifit_gg,split_82
68,0.7115032117915646,optifit_gg,split_83
137,0.7106380626486437,optifit_gg,split_83
274,0.7081632152151419,optifit_gg,split_83
350,0.7070878603906859,optifit_gg,split_83
68,0.6903130976508851,optifit_gg,split_84
137,0.688030951688819,optifit_gg,split_84
274,0.6821987020038504,optifit_gg,split_84
350,0.6815162468904653,optifit_gg,split_84
68,0.6785690407593685,optifit_gg,split_85
137,0.6774144985737234,optifit_gg,split_85
274,0.6770817635900868,optifit_gg,split_85
350,0.6768534664015781,optifit_gg,split_85
68,0.6837889202100259,optifit_gg,split_86
137,0.6856579479797744,optifit_gg,split_86
274,0.6847374850043128,optifit_gg,split_86
350,0.6846004436918565,optifit_gg,split_86
68,0.6658584644565445,optifit_gg,split_87
137,0.6640561855868246,optifit_gg,split_87
274,0.6601562246395731,optifit_gg,split_87
350,0.6600260629056114,optifit_gg,split_87
68,0.7110691522455077,optifit_gg,split_88
137,0.7115842606401235,optifit_gg,split_88
274,0.7110246465160975,optifit_gg,split_88
350,0.7111227988996314,optifit_gg,split_88
68,0.6821427489553378,optifit_gg,split_89
137,0.6790239997837679,optifit_gg,split_89
274,0.6739233443807473,optifit_gg,split_89
350,0.6727922511300772,optifit_gg,split_89
68,0.6736349557920608,optifit_gg,split_90
137,0.6727103981709219,optifit_gg,split_90
274,0.6710147883182819,optifit_gg,split_90
350,0.6703050117508785,optifit_gg,split_90
68,0.696136833587276,optifit_gg,split_91
137,0.6939908183932233,optifit_gg,split_91
274,0.6882744547044483,optifit_gg,split_91
350,0.6875363298427125,optifit_gg,split_91
68,0.7073602196863675,optifit_gg,split_92
137,0.7087343039726051,optifit_gg,split_92
274,0.7086847346924363,optifit_gg,split_92
350,0.7074151267267155,optifit_gg,split_92
68,0.688438655729128,optifit_gg,split_93
137,0.6869411039299144,optifit_gg,split_93
274,0.6845847043692496,optifit_gg,split_93
350,0.6822994413007714,optifit_gg,split_93
68,0.6778040545530581,optifit_gg,split_94
137,0.6742345878579089,optifit_gg,split_94
274,0.6683914630377349,optifit_gg,split_94
350,0.6670502337930293,optifit_gg,split_94
68,0.6650472892466375,optifit_gg,split_95
137,0.6635702095070738,optifit_gg,split_95
274,0.6585277259817229,optifit_gg,split_95
350,0.6576650066873285,optifit_gg,split_95
68,0.7134563359790689,optifit_gg,split_96
137,0.7136224309397665,optifit_gg,split_96
274,0.7099466878653237,optifit_gg,split_96
350,0.7093032790625158,optifit_gg,split_96
68,0.676510759353669,optifit_gg,split_97
137,0.6734071531263252,optifit_gg,split_97
274,0.6687866360087025,optifit_gg,split_97
350,0.6662400286850187,optifit_gg,split_97
68,0.702554448954341,optifit_gg,split_98
137,0.7052820216139518,optifit_gg,split_98
274,0.7058977135284424,optifit_gg,split_98
350,0.7055059640593253,optifit_gg,split_98
68,0.663283145505983,optifit_gg,split_99
137,0.6588695290212868,optifit_gg,split_99
274,0.6532240997610695,optifit_gg,split_99
350,0.6529046214539915,optifit_gg,split_99
68,0.6980807262398773,optifit_gg,split_100
137,0.695729915570591,optifit_gg,split_100
274,0.6908841909606416,optifit_gg,split_100
350,0.6884802464868692,optifit_gg,split_100
68,0.6625984962389337,vsearch_denovo,split_1
137,0.6666415449254659,vsearch_denovo,split_1
274,0.6682792361369109,vsearch_denovo,split_1
350,0.669162672451381,vsearch_denovo,split_1
68,0.6812907533687955,vsearch_denovo,split_2
137,0.6836597930258318,vsearch_denovo,split_2
274,0.6827837828880181,vsearch_denovo,split_2
350,0.6812254320636729,vsearch_denovo,split_2
68,0.6943937800243459,vsearch_denovo,split_3
137,0.6930082333316213,vsearch_denovo,split_3
274,0.6917138733157498,vsearch_denovo,split_3
350,0.6901265945030207,vsearch_denovo,split_3
68,0.656730325342776,vsearch_denovo,split_4
137,0.66201965721278,vsearch_denovo,split_4
274,0.6632152902603209,vsearch_denovo,split_4
350,0.6610721387207933,vsearch_denovo,split_4
68,0.6641364558610711,vsearch_denovo,split_5
137,0.6663957574052751,vsearch_denovo,split_5
274,0.6675169211891776,vsearch_denovo,split_5
350,0.6654291561209364,vsearch_denovo,split_5
68,0.6546263049911707,vsearch_denovo,split_6
137,0.6554334507640958,vsearch_denovo,split_6
274,0.6548602816256001,vsearch_denovo,split_6
350,0.6553687489587365,vsearch_denovo,split_6
68,0.6801809131469242,vsearch_denovo,split_7
137,0.682793329931812,vsearch_denovo,split_7
274,0.6829585157349657,vsearch_denovo,split_7
350,0.6846933868066063,vsearch_denovo,split_7
68,0.6782195843366433,vsearch_denovo,split_8
137,0.6799186146184655,vsearch_denovo,split_8
274,0.6809504918809217,vsearch_denovo,split_8
350,0.6799485734131503,vsearch_denovo,split_8
68,0.6934845727946306,vsearch_denovo,split_9
137,0.698214979259799,vsearch_denovo,split_9
274,0.6978373764155966,vsearch_denovo,split_9
350,0.6981069716378577,vsearch_denovo,split_9
68,0.6824943757734016,vsearch_denovo,split_10
137,0.6864392228207972,vsearch_denovo,split_10
274,0.6878647103995091,vsearch_denovo,split_10
350,0.6880413332523267,vsearch_denovo,split_10
68,0.6860423547451491,vsearch_denovo,split_11
137,0.6898440607917726,vsearch_denovo,split_11
274,0.6897511113377652,vsearch_denovo,split_11
350,0.6906075038046751,vsearch_denovo,split_11
68,0.676607250792191,vsearch_denovo,split_12
137,0.6826090476587648,vsearch_denovo,split_12
274,0.6823943288203234,vsearch_denovo,split_12
350,0.6830526410814697,vsearch_denovo,split_12
68,0.6785150068913355,vsearch_denovo,split_13
137,0.6838664966006852,vsearch_denovo,split_13
274,0.6851826759692297,vsearch_denovo,split_13
350,0.6854458558414447,vsearch_denovo,split_13
68,0.6881682298947284,vsearch_denovo,split_14
137,0.6931088449678205,vsearch_denovo,split_14
274,0.6957737968449897,vsearch_denovo,split_14
350,0.695978479302418,vsearch_denovo,split_14
68,0.6651121854049898,vsearch_denovo,split_15
137,0.6729380127833866,vsearch_denovo,split_15
274,0.6720884561385134,vsearch_denovo,split_15
350,0.6735298272976534,vsearch_denovo,split_15
68,0.6823290453106564,vsearch_denovo,split_16
137,0.6831708734213751,vsearch_denovo,split_16
274,0.682484104577615,vsearch_denovo,split_16
350,0.68095574141653,vsearch_denovo,split_16
68,0.6815882983010645,vsearch_denovo,split_17
137,0.6858759131179615,vsearch_denovo,split_17
274,0.6870945668312444,vsearch_denovo,split_17
350,0.6843086120192825,vsearch_denovo,split_17
68,0.6759513911001549,vsearch_denovo,split_18
137,0.6768534298311943,vsearch_denovo,split_18
274,0.6744297541526926,vsearch_denovo,split_18
350,0.6731313880179325,vsearch_denovo,split_18
68,0.6796250081670323,vsearch_denovo,split_19
137,0.6831661159290421,vsearch_denovo,split_19
274,0.684002873100961,vsearch_denovo,split_19
350,0.6831696425444131,vsearch_denovo,split_19
68,0.6718074548964105,vsearch_denovo,split_20
137,0.6732864165000169,vsearch_denovo,split_20
274,0.6753518991384878,vsearch_denovo,split_20
350,0.673263388200279,vsearch_denovo,split_20
68,0.6917481854806522,vsearch_denovo,split_21
137,0.6936385548803049,vsearch_denovo,split_21
274,0.6946832608319748,vsearch_denovo,split_21
350,0.6929546771415187,vsearch_denovo,split_21
68,0.6628750046098673,vsearch_denovo,split_22
137,0.6664949103004669,vsearch_denovo,split_22
274,0.6665637300393451,vsearch_denovo,split_22
350,0.6652466984575173,vsearch_denovo,split_22
68,0.6852079467757518,vsearch_denovo,split_23
137,0.687804802444329,vsearch_denovo,split_23
274,0.6896512152723365,vsearch_denovo,split_23
350,0.6884996189459195,vsearch_denovo,split_23
68,0.6632138444567427,vsearch_denovo,split_24
137,0.6665294870162386,vsearch_denovo,split_24
274,0.6638188016372285,vsearch_denovo,split_24
350,0.6643677095244657,vsearch_denovo,split_24
68,0.670057091672564,vsearch_denovo,split_25
137,0.673612955606904,vsearch_denovo,split_25
274,0.6751717504346059,vsearch_denovo,split_25
350,0.6760906781587952,vsearch_denovo,split_25
68,0.6941601892945732,vsearch_denovo,split_26
137,0.6945013643108713,vsearch_denovo,split_26
274,0.6953815568372679,vsearch_denovo,split_26
350,0.6947451080641618,vsearch_denovo,split_26
68,0.7076378317103806,vsearch_denovo,split_27
137,0.7109772702978321,vsearch_denovo,split_27
274,0.7116202430719861,vsearch_denovo,split_27
350,0.7116242108157887,vsearch_denovo,split_27
68,0.6787609425347542,vsearch_denovo,split_28
137,0.6782982280892856,vsearch_denovo,split_28
274,0.6772405293058694,vsearch_denovo,split_28
350,0.6757111775931705,vsearch_denovo,split_28
68,0.6934235374859326,vsearch_denovo,split_29
137,0.6954553988357424,vsearch_denovo,split_29
274,0.696086090935067,vsearch_denovo,split_29
350,0.696112023898322,vsearch_denovo,split_29
68,0.6944328094217231,vsearch_denovo,split_30
137,0.6998489840591411,vsearch_denovo,split_30
274,0.7003808949140211,vsearch_denovo,split_30
350,0.7001683278417984,vsearch_denovo,split_30
68,0.6732404761290122,vsearch_denovo,split_31
137,0.6772630246282333,vsearch_denovo,split_31
274,0.6765934767596965,vsearch_denovo,split_31
350,0.6760526762939255,vsearch_denovo,split_31
68,0.6791787732871744,vsearch_denovo,split_32
137,0.6818916517378122,vsearch_denovo,split_32
274,0.6825549115629149,vsearch_denovo,split_32
350,0.682316866923814,vsearch_denovo,split_32
68,0.6684460943599969,vsearch_denovo,split_33
137,0.6706910432398261,vsearch_denovo,split_33
274,0.6701855944413652,vsearch_denovo,split_33
350,0.6707614527243624,vsearch_denovo,split_33
68,0.6812916924527963,vsearch_denovo,split_34
137,0.6849495826191646,vsearch_denovo,split_34
274,0.6874556486002139,vsearch_denovo,split_34
350,0.68779026971210655,vsearch_denovo,split_34
68,0.674100153073357,vsearch_denovo,split_35
137,0.6760790932512843,vsearch_denovo,split_35
274,0.6739904175148961,vsearch_denovo,split_35
350,0.673589086145822,vsearch_denovo,split_35
68,0.6796951698454062,vsearch_denovo,split_36
137,0.6785625177401201,vsearch_denovo,split_36
274,0.6777379693828217,vsearch_denovo,split_36
350,0.6753241166007891,vsearch_denovo,split_36
68,0.6630135250591223,vsearch_denovo,split_37
137,0.668433475372336,vsearch_denovo,split_37
274,0.6703694050666684,vsearch_denovo,split_37
350,0.6696725132118366,vsearch_denovo,split_37
68,0.7073832320722171,vsearch_denovo,split_38
137,0.7096697649060173,vsearch_denovo,split_38
274,0.7084911709923997,vsearch_denovo,split_38
350,0.7088942877997786,vsearch_denovo,split_38
68,0.6823244949130715,vsearch_denovo,split_39
137,0.6826142845313544,vsearch_denovo,split_39
274,0.6820734617949094,vsearch_denovo,split_39
350,0.6820679336732014,vsearch_denovo,split_39
68,0.6881233422601936,vsearch_denovo,split_40
137,0.6920193443807198,vsearch_denovo,split_40
274,0.691883907912307,vsearch_denovo,split_40
350,0.6920613256512089,vsearch_denovo,split_40
68,0.6764171696123368,vsearch_denovo,split_41
137,0.6810536749922669,vsearch_denovo,split_41
274,0.6829403139449763,vsearch_denovo,split_41
350,0.6833894462244647,vsearch_denovo,split_41
68,0.697219276912149,vsearch_denovo,split_42
137,0.701379871940323,vsearch_denovo,split_42
274,0.7034069550957803,vsearch_denovo,split_42
350,0.7042353844727289,vsearch_denovo,split_42
68,0.7030433964486535,vsearch_denovo,split_43
137,0.7053368809239176,vsearch_denovo,split_43
274,0.7076239139132633,vsearch_denovo,split_43
350,0.7070824442977526,vsearch_denovo,split_43
68,0.6773202847792918,vsearch_denovo,split_44
137,0.6811432996731813,vsearch_denovo,split_44
274,0.6818975470432198,vsearch_denovo,split_44
350,0.6818764351128922,vsearch_denovo,split_44
68,0.6855190811078831,vsearch_denovo,split_45
137,0.6873296168239927,vsearch_denovo,split_45
274,0.6894200403999566,vsearch_denovo,split_45
350,0.6871716953261955,vsearch_denovo,split_45
68,0.6811165968319698,vsearch_denovo,split_46
137,0.6860919253799524,vsearch_denovo,split_46
274,0.6866325731101129,vsearch_denovo,split_46
350,0.6856905240716569,vsearch_denovo,split_46
68,0.6742133601533566,vsearch_denovo,split_47
137,0.6774850932531451,vsearch_denovo,split_47
274,0.6760000606900526,vsearch_denovo,split_47
350,0.6761981064215914,vsearch_denovo,split_47
68,0.6917467683182612,vsearch_denovo,split_48
137,0.6948544382833175,vsearch_denovo,split_48
274,0.6955529009384596,vsearch_denovo,split_48
350,0.6956805176672561,vsearch_denovo,split_48
68,0.6860085506191043,vsearch_denovo,split_49
137,0.6880006176852648,vsearch_denovo,split_49
274,0.6884735201640914,vsearch_denovo,split_49
350,0.6880731005903212,vsearch_denovo,split_49
68,0.6752659237842852,vsearch_denovo,split_50
137,0.679203822154862,vsearch_denovo,split_50
274,0.6812019193038837,vsearch_denovo,split_50
350,0.6798048069597324,vsearch_denovo,split_50
68,0.6574103672094285,vsearch_denovo,split_51
137,0.659348296153586,vsearch_denovo,split_51
274,0.660464349195042,vsearch_denovo,split_51
350,0.6598115790373116,vsearch_denovo,split_51
68,0.6534061336875215,vsearch_denovo,split_52
137,0.6557599652583623,vsearch_denovo,split_52
274,0.6562082484117576,vsearch_denovo,split_52
350,0.6538698093893478,vsearch_denovo,split_52
68,0.6704139567098715,vsearch_denovo,split_53
137,0.671066858813236,vsearch_denovo,split_53
274,0.6684739853458214,vsearch_denovo,split_53
350,0.6692485844048017,vsearch_denovo,split_53
68,0.6752217907045215,vsearch_denovo,split_54
137,0.6788864104285285,vsearch_denovo,split_54
274,0.6800695770235562,vsearch_denovo,split_54
350,0.6806493001638729,vsearch_denovo,split_54
68,0.6990900850001464,vsearch_denovo,split_55
137,0.701167393636845,vsearch_denovo,split_55
274,0.7006347926302844,vsearch_denovo,split_55
350,0.6993642603341018,vsearch_denovo,split_55
68,0.7088777668749587,vsearch_denovo,split_56
137,0.7116230622687818,vsearch_denovo,split_56
274,0.7144589047087829,vsearch_denovo,split_56
350,0.7143460108919031,vsearch_denovo,split_56
68,0.6818115959664358,vsearch_denovo,split_57
137,0.6840151948787511,vsearch_denovo,split_57
274,0.683465747237646,vsearch_denovo,split_57
350,0.6831806244161989,vsearch_denovo,split_57
68,0.6773028994915531,vsearch_denovo,split_58
137,0.6841272322988895,vsearch_denovo,split_58
274,0.6837594184506436,vsearch_denovo,split_58
350,0.6833771263321536,vsearch_denovo,split_58
68,0.6896056119240765,vsearch_denovo,split_59
137,0.6938231602266396,vsearch_denovo,split_59
274,0.6948970801832333,vsearch_denovo,split_59
350,0.6953175268739894,vsearch_denovo,split_59
68,0.6838682320738678,vsearch_denovo,split_60
137,0.6865391169206955,vsearch_denovo,split_60
274,0.6888101137578749,vsearch_denovo,split_60
350,0.6869976797716142,vsearch_denovo,split_60
68,0.6823675280210989,vsearch_denovo,split_61
137,0.6843507488130556,vsearch_denovo,split_61
274,0.6845241251469257,vsearch_denovo,split_61
350,0.682193286928941,vsearch_denovo,split_61
68,0.6832853004507649,vsearch_denovo,split_62
137,0.6854126949683553,vsearch_denovo,split_62
274,0.6847308459761616,vsearch_denovo,split_62
350,0.6837838924216926,vsearch_denovo,split_62
68,0.6805463885405776,vsearch_denovo,split_63
137,0.683417719267582,vsearch_denovo,split_63
274,0.6830729000369674,vsearch_denovo,split_63
350,0.685117097751725,vsearch_denovo,split_63
68,0.6987397969587307,vsearch_denovo,split_64
137,0.6992090452010296,vsearch_denovo,split_64
274,0.702325886293375,vsearch_denovo,split_64
350,0.7017704751915785,vsearch_denovo,split_64
68,0.6735688989206458,vsearch_denovo,split_65
137,0.6758770915401608,vsearch_denovo,split_65
274,0.6769872146854332,vsearch_denovo,split_65
350,0.6760047525125443,vsearch_denovo,split_65
68,0.6946945511884004,vsearch_denovo,split_66
137,0.6986084087698449,vsearch_denovo,split_66
274,0.6987982271862572,vsearch_denovo,split_66
350,0.6986580417007625,vsearch_denovo,split_66
68,0.660818286865169,vsearch_denovo,split_67
137,0.666197583236123,vsearch_denovo,split_67
274,0.6654474095804002,vsearch_denovo,split_67
350,0.666684889621696,vsearch_denovo,split_67
68,0.6684333966735315,vsearch_denovo,split_68
137,0.6714824274865006,vsearch_denovo,split_68
274,0.6724537616755186,vsearch_denovo,split_68
350,0.6719378416783411,vsearch_denovo,split_68
68,0.6836967406080313,vsearch_denovo,split_69
137,0.6849886617193819,vsearch_denovo,split_69
274,0.6852240656461795,vsearch_denovo,split_69
350,0.685221525043166,vsearch_denovo,split_69
68,0.6573147374407067,vsearch_denovo,split_70
137,0.6610320892484779,vsearch_denovo,split_70
274,0.6599806465979876,vsearch_denovo,split_70
350,0.659590171304316,vsearch_denovo,split_70
68,0.6829248089440862,vsearch_denovo,split_71
137,0.6870434638908723,vsearch_denovo,split_71
274,0.6864148528173977,vsearch_denovo,split_71
350,0.6878080669993611,vsearch_denovo,split_71
68,0.6716052292745077,vsearch_denovo,split_72
137,0.6721425308025487,vsearch_denovo,split_72
274,0.6725295908127881,vsearch_denovo,split_72
350,0.6715270476047851,vsearch_denovo,split_72
68,0.6882634342438643,vsearch_denovo,split_73
137,0.6925145353004497,vsearch_denovo,split_73
274,0.6925313075619802,vsearch_denovo,split_73
350,0.6924662098551134,vsearch_denovo,split_73
68,0.669621284766432,vsearch_denovo,split_74
137,0.6720127451827366,vsearch_denovo,split_74
274,0.6715014693906961,vsearch_denovo,split_74
350,0.6700069358118999,vsearch_denovo,split_74
68,0.7030471493640004,vsearch_denovo,split_75
137,0.7062924362080507,vsearch_denovo,split_75
274,0.7087288964662875,vsearch_denovo,split_75
350,0.7073875767795409,vsearch_denovo,split_75
68,0.6658713929428747,vsearch_denovo,split_76
137,0.667486526774388,vsearch_denovo,split_76
274,0.6677969408427106,vsearch_denovo,split_76
350,0.66588823223077,vsearch_denovo,split_76
68,0.7097724362409322,vsearch_denovo,split_77
137,0.7134128713109378,vsearch_denovo,split_77
274,0.7157019019446094,vsearch_denovo,split_77
350,0.7170546153291363,vsearch_denovo,split_77
68,0.6795099427489563,vsearch_denovo,split_78
137,0.6836002782631947,vsearch_denovo,split_78
274,0.6870896342565007,vsearch_denovo,split_78
350,0.6868441741327755,vsearch_denovo,split_78
68,0.6720713652849767,vsearch_denovo,split_79
137,0.6735417629460981,vsearch_denovo,split_79
274,0.6717796793864891,vsearch_denovo,split_79
350,0.6720057006216108,vsearch_denovo,split_79
68,0.6617090993663337,vsearch_denovo,split_80
137,0.6631364490069179,vsearch_denovo,split_80
274,0.664708497459329,vsearch_denovo,split_80
350,0.6642637479380601,vsearch_denovo,split_80
68,0.6869563271553246,vsearch_denovo,split_81
137,0.6882447719365813,vsearch_denovo,split_81
274,0.6880354039800904,vsearch_denovo,split_81
350,0.6880413552891803,vsearch_denovo,split_81
68,0.6890953865464425,vsearch_denovo,split_82
137,0.6922679709438405,vsearch_denovo,split_82
274,0.6931253996543902,vsearch_denovo,split_82
350,0.6935744992901649,vsearch_denovo,split_82
68,0.6882364897812313,vsearch_denovo,split_83
137,0.6918199870237751,vsearch_denovo,split_83
274,0.6930949338088259,vsearch_denovo,split_83
350,0.692941410040532,vsearch_denovo,split_83
68,0.6813078214249028,vsearch_denovo,split_84
137,0.6834891922135083,vsearch_denovo,split_84
274,0.6860183991308192,vsearch_denovo,split_84
350,0.6857461542905037,vsearch_denovo,split_84
68,0.6698330879371432,vsearch_denovo,split_85
137,0.6731129855993492,vsearch_denovo,split_85
274,0.6745927141124801,vsearch_denovo,split_85
350,0.6743712469304425,vsearch_denovo,split_85
68,0.6678412118731059,vsearch_denovo,split_86
137,0.6707943646386498,vsearch_denovo,split_86
274,0.6725427251698075,vsearch_denovo,split_86
350,0.6718471665509061,vsearch_denovo,split_86
68,0.6435516978473309,vsearch_denovo,split_87
137,0.6447974978622595,vsearch_denovo,split_87
274,0.6453700322309387,vsearch_denovo,split_87
350,0.6456311181708402,vsearch_denovo,split_87
68,0.698021021553725,vsearch_denovo,split_88
137,0.7013292991337412,vsearch_denovo,split_88
274,0.702219548863905,vsearch_denovo,split_88
350,0.7031487925959926,vsearch_denovo,split_88
68,0.6773618998638467,vsearch_denovo,split_89
137,0.6818434099600637,vsearch_denovo,split_89
274,0.6827768176060598,vsearch_denovo,split_89
350,0.6829985244504212,vsearch_denovo,split_89
68,0.6580536889002149,vsearch_denovo,split_90
137,0.6584551490198844,vsearch_denovo,split_90
274,0.6567745298517855,vsearch_denovo,split_90
350,0.6564088949913497,vsearch_denovo,split_90
68,0.6866245272345585,vsearch_denovo,split_91
137,0.6894845612752879,vsearch_denovo,split_91
274,0.6855620494146554,vsearch_denovo,split_91
350,0.6862439302946893,vsearch_denovo,split_91
68,0.6854902106720346,vsearch_denovo,split_92
137,0.688840364707489,vsearch_denovo,split_92
274,0.6902976512080595,vsearch_denovo,split_92
350,0.6917436993586301,vsearch_denovo,split_92
68,0.6828747978909014,vsearch_denovo,split_93
137,0.6849670957173977,vsearch_denovo,split_93
274,0.6834961139641312,vsearch_denovo,split_93
350,0.6838675163860403,vsearch_denovo,split_93
68,0.6763311299007779,vsearch_denovo,split_94
137,0.6747232190029396,vsearch_denovo,split_94
274,0.67395463599233,vsearch_denovo,split_94
350,0.6729702803489159,vsearch_denovo,split_94
68,0.6537075307012975,vsearch_denovo,split_95
137,0.6568884398670715,vsearch_denovo,split_95
274,0.6576209334397051,vsearch_denovo,split_95
350,0.6582393276989457,vsearch_denovo,split_95
68,0.6849129249728163,vsearch_denovo,split_96
137,0.6871381393010811,vsearch_denovo,split_96
274,0.686920167893146,vsearch_denovo,split_96
350,0.6894459723699192,vsearch_denovo,split_96
68,0.6598842762479374,vsearch_denovo,split_97
137,0.6635122306999057,vsearch_denovo,split_97
274,0.6634124725264057,vsearch_denovo,split_97
350,0.6626592918462968,vsearch_denovo,split_97
68,0.6933559077104487,vsearch_denovo,split_98
137,0.6930533882136154,vsearch_denovo,split_98
274,0.693287374262124,vsearch_denovo,split_98
350,0.6920144476875941,vsearch_denovo,split_98
68,0.643949707466544,vsearch_denovo,split_99
137,0.6447109265195684,vsearch_denovo,split_99
274,0.6418261850186339,vsearch_denovo,split_99
350,0.6398395026452919,vsearch_denovo,split_99
68,0.6821128350682132,vsearch_denovo,split_100
137,0.6836493817535735,vsearch_denovo,split_100
274,0.6836799747881731,vsearch_denovo,split_100
350,0.6809518566541733,vsearch_denovo,split_100
68,0.650279254823853,vsearch_gg,split_1
137,0.6516798217341768,vsearch_gg,split_1
274,0.6540312750889546,vsearch_gg,split_1
350,0.6531700832936904,vsearch_gg,split_1
68,0.6691327954085493,vsearch_gg,split_2
137,0.6702733587114916,vsearch_gg,split_2
274,0.6701627008832975,vsearch_gg,split_2
350,0.6675653694558977,vsearch_gg,split_2
68,0.6854734546841947,vsearch_gg,split_3
137,0.6848816963981971,vsearch_gg,split_3
274,0.6848179463542369,vsearch_gg,split_3
350,0.6831951893876498,vsearch_gg,split_3
68,0.664360858017449,vsearch_gg,split_4
137,0.6677786031081893,vsearch_gg,split_4
274,0.6704005343952403,vsearch_gg,split_4
350,0.6699290378451872,vsearch_gg,split_4
68,0.6639395617383648,vsearch_gg,split_5
137,0.6655568753466656,vsearch_gg,split_5
274,0.6657178322031979,vsearch_gg,split_5
350,0.6652004558425066,vsearch_gg,split_5
68,0.6404037578574195,vsearch_gg,split_6
137,0.6409634967299738,vsearch_gg,split_6
274,0.6388772378125558,vsearch_gg,split_6
350,0.6385968663505525,vsearch_gg,split_6
68,0.6799355174292585,vsearch_gg,split_7
137,0.6812569830590955,vsearch_gg,split_7
274,0.6813473465355283,vsearch_gg,split_7
350,0.6808995708407093,vsearch_gg,split_7
68,0.6626072180999623,vsearch_gg,split_8
137,0.6619151456473128,vsearch_gg,split_8
274,0.6585095028850287,vsearch_gg,split_8
350,0.6579577576983545,vsearch_gg,split_8
68,0.6808856316082199,vsearch_gg,split_9
137,0.6845038308388383,vsearch_gg,split_9
274,0.6867197104693182,vsearch_gg,split_9
350,0.6853156919905569,vsearch_gg,split_9
68,0.6780681807565389,vsearch_gg,split_10
137,0.6793781581877443,vsearch_gg,split_10
274,0.6780805598818463,vsearch_gg,split_10
350,0.678168584524225,vsearch_gg,split_10
68,0.6749128515602059,vsearch_gg,split_11
137,0.6776025526045888,vsearch_gg,split_11
274,0.6779549882211509,vsearch_gg,split_11
350,0.6775479751248527,vsearch_gg,split_11
68,0.6695481951394391,vsearch_gg,split_12
137,0.6722237923135871,vsearch_gg,split_12
274,0.6714196383549289,vsearch_gg,split_12
350,0.6705518316838885,vsearch_gg,split_12
68,0.6818270885815128,vsearch_gg,split_13
137,0.6815023535596118,vsearch_gg,split_13
274,0.6849386775878684,vsearch_gg,split_13
350,0.6837961491359225,vsearch_gg,split_13
68,0.6828523681574744,vsearch_gg,split_14
137,0.6864338080831079,vsearch_gg,split_14
274,0.6868480968316074,vsearch_gg,split_14
350,0.6849972981668343,vsearch_gg,split_14
68,0.6680241155328329,vsearch_gg,split_15
137,0.6716626858448688,vsearch_gg,split_15
274,0.6754139614738123,vsearch_gg,split_15
350,0.6754905945800194,vsearch_gg,split_15
68,0.6763074020368863,vsearch_gg,split_16
137,0.6777249971925654,vsearch_gg,split_16
274,0.6750543827207633,vsearch_gg,split_16
350,0.6762726213484455,vsearch_gg,split_16
68,0.6759506922089474,vsearch_gg,split_17
137,0.6775107916640514,vsearch_gg,split_17
274,0.6759979836791157,vsearch_gg,split_17
350,0.6773713106490533,vsearch_gg,split_17
68,0.6666555547447652,vsearch_gg,split_18
137,0.6654551338693838,vsearch_gg,split_18
274,0.6638115787420602,vsearch_gg,split_18
350,0.6624679500854243,vsearch_gg,split_18
68,0.6883170101469656,vsearch_gg,split_19
137,0.6883277544753016,vsearch_gg,split_19
274,0.6891739482077495,vsearch_gg,split_19
350,0.6887960439219437,vsearch_gg,split_19
68,0.6637240219022773,vsearch_gg,split_20
137,0.6652680480700881,vsearch_gg,split_20
274,0.6635931640825414,vsearch_gg,split_20
350,0.6610919670040681,vsearch_gg,split_20
68,0.6893279006613117,vsearch_gg,split_21
137,0.6902596417849436,vsearch_gg,split_21
274,0.6893857586534726,vsearch_gg,split_21
350,0.6894384818324835,vsearch_gg,split_21
68,0.6590576647070827,vsearch_gg,split_22
137,0.6589471720681587,vsearch_gg,split_22
274,0.6581483666799423,vsearch_gg,split_22
350,0.6571153470099239,vsearch_gg,split_22
68,0.6742269866422338,vsearch_gg,split_23
137,0.6760944551288873,vsearch_gg,split_23
274,0.6751084707771507,vsearch_gg,split_23
350,0.6725731865604474,vsearch_gg,split_23
68,0.6494940170996081,vsearch_gg,split_24
137,0.6480886777743218,vsearch_gg,split_24
274,0.644577026808572,vsearch_gg,split_24
350,0.6448964973361775,vsearch_gg,split_24
68,0.6680032624961932,vsearch_gg,split_25
137,0.6705510527908826,vsearch_gg,split_25
274,0.6707411986709007,vsearch_gg,split_25
350,0.6715864838796647,vsearch_gg,split_25
68,0.6820330201475312,vsearch_gg,split_26
137,0.6824968142474825,vsearch_gg,split_26
274,0.6812816241036799,vsearch_gg,split_26
350,0.6796879115528821,vsearch_gg,split_26
68,0.700256846444778,vsearch_gg,split_27
137,0.7046505954354938,vsearch_gg,split_27
274,0.7047027176529689,vsearch_gg,split_27
350,0.7042044045066965,vsearch_gg,split_27
68,0.6804982828555439,vsearch_gg,split_28
137,0.6818194800619781,vsearch_gg,split_28
274,0.680280613069913,vsearch_gg,split_28
350,0.6795052054689834,vsearch_gg,split_28
68,0.6946528673598048,vsearch_gg,split_29
137,0.6960371579220662,vsearch_gg,split_29
274,0.6946235126630403,vsearch_gg,split_29
350,0.6941643636706922,vsearch_gg,split_29
68,0.6944148397884774,vsearch_gg,split_30
137,0.6968631205213166,vsearch_gg,split_30
274,0.6976157840194517,vsearch_gg,split_30
350,0.6983306492100498,vsearch_gg,split_30
68,0.6727153235495743,vsearch_gg,split_31
137,0.6744154540745437,vsearch_gg,split_31
274,0.6719007881637291,vsearch_gg,split_31
350,0.6715110697074416,vsearch_gg,split_31
68,0.6860612305653697,vsearch_gg,split_32
137,0.6865958775178274,vsearch_gg,split_32
274,0.6888725469952879,vsearch_gg,split_32
350,0.68743194931367535,vsearch_gg,split_32
68,0.6738404390625399,vsearch_gg,split_33
137,0.6731576525519138,vsearch_gg,split_33
274,0.6755876747599151,vsearch_gg,split_33
350,0.6752918397057427,vsearch_gg,split_33
68,0.6859100249596799,vsearch_gg,split_34
137,0.6912532790107899,vsearch_gg,split_34
274,0.6918151179643821,vsearch_gg,split_34
350,0.6926006191839157,vsearch_gg,split_34
68,0.6705002602926263,vsearch_gg,split_35
137,0.6690816786555281,vsearch_gg,split_35
274,0.669515748791111,vsearch_gg,split_35
350,0.6678845043213372,vsearch_gg,split_35
68,0.6778155913841309,vsearch_gg,split_36
137,0.6780055601560006,vsearch_gg,split_36
274,0.6768939851517622,vsearch_gg,split_36
350,0.6743396571154391,vsearch_gg,split_36
68,0.6633513558788485,vsearch_gg,split_37
137,0.6661124103678593,vsearch_gg,split_37
274,0.6658986002809277,vsearch_gg,split_37
350,0.66444213225393,vsearch_gg,split_37
68,0.6968302600592917,vsearch_gg,split_38
137,0.6978534142149502,vsearch_gg,split_38
274,0.6990538318056757,vsearch_gg,split_38
350,0.6984586954997807,vsearch_gg,split_38
68,0.6755121678547995,vsearch_gg,split_39
137,0.6770760116443649,vsearch_gg,split_39
274,0.6768735254680935,vsearch_gg,split_39
350,0.675955428298421,vsearch_gg,split_39
68,0.6847073328430239,vsearch_gg,split_40
137,0.6883974838057088,vsearch_gg,split_40
274,0.6867861747912514,vsearch_gg,split_40
350,0.6870905767572342,vsearch_gg,split_40
68,0.674872825612586,vsearch_gg,split_41
137,0.6767731307490013,vsearch_gg,split_41
274,0.6778598126035741,vsearch_gg,split_41
350,0.6766296540881642,vsearch_gg,split_41
68,0.6877303362252535,vsearch_gg,split_42
137,0.6879686109743237,vsearch_gg,split_42
274,0.6879696738453801,vsearch_gg,split_42
350,0.6877023901281369,vsearch_gg,split_42
68,0.6968648297212128,vsearch_gg,split_43
137,0.6980232918226665,vsearch_gg,split_43
274,0.6999208056175004,vsearch_gg,split_43
350,0.6984645818330449,vsearch_gg,split_43
68,0.6817937813672954,vsearch_gg,split_44
137,0.6868655769857125,vsearch_gg,split_44
274,0.6857351833911285,vsearch_gg,split_44
350,0.6864906709953055,vsearch_gg,split_44
68,0.6747258871245826,vsearch_gg,split_45
137,0.6812306032349668,vsearch_gg,split_45
274,0.680445406595483,vsearch_gg,split_45
350,0.6807504507461465,vsearch_gg,split_45
68,0.6746571520814563,vsearch_gg,split_46
137,0.678934526611483,vsearch_gg,split_46
274,0.6772468017874714,vsearch_gg,split_46
350,0.6764892010708135,vsearch_gg,split_46
68,0.6778305106801412,vsearch_gg,split_47
137,0.6788011661059069,vsearch_gg,split_47
274,0.677979507576494,vsearch_gg,split_47
350,0.6764736118699505,vsearch_gg,split_47
68,0.6947314075849974,vsearch_gg,split_48
137,0.6968077032643704,vsearch_gg,split_48
274,0.6992009933297538,vsearch_gg,split_48
350,0.6999269963235887,vsearch_gg,split_48
68,0.6800813730701781,vsearch_gg,split_49
137,0.6799660008571237,vsearch_gg,split_49
274,0.6754177161849411,vsearch_gg,split_49
350,0.6750392311736918,vsearch_gg,split_49
68,0.6746865076561934,vsearch_gg,split_50
137,0.6788382620790101,vsearch_gg,split_50
274,0.676494505470098,vsearch_gg,split_50
350,0.6767836289824483,vsearch_gg,split_50
68,0.6532622706212273,vsearch_gg,split_51
137,0.6588817967100746,vsearch_gg,split_51
274,0.6621404262238737,vsearch_gg,split_51
350,0.6635658943173726,vsearch_gg,split_51
68,0.65613817195527,vsearch_gg,split_52
137,0.6592761501278457,vsearch_gg,split_52
274,0.660977278276058,vsearch_gg,split_52
350,0.6629305099802824,vsearch_gg,split_52
68,0.663303843932618,vsearch_gg,split_53
137,0.664702799667173,vsearch_gg,split_53
274,0.663099072052038,vsearch_gg,split_53
350,0.6610180477097397,vsearch_gg,split_53
68,0.6820839213767113,vsearch_gg,split_54
137,0.6854638957114839,vsearch_gg,split_54
274,0.6895337969788252,vsearch_gg,split_54
350,0.6905657482350925,vsearch_gg,split_54
68,0.6865833530735155,vsearch_gg,split_55
137,0.690485260924277,vsearch_gg,split_55
274,0.6910607857254529,vsearch_gg,split_55
350,0.690569287969558,vsearch_gg,split_55
68,0.7043692169791822,vsearch_gg,split_56
137,0.7076818439970228,vsearch_gg,split_56
274,0.704591925061579,vsearch_gg,split_56
350,0.7054549475778875,vsearch_gg,split_56
68,0.6661951845623553,vsearch_gg,split_57
137,0.6651869937860337,vsearch_gg,split_57
274,0.6623540461020408,vsearch_gg,split_57
350,0.6612318637441077,vsearch_gg,split_57
68,0.6871946429949042,vsearch_gg,split_58
137,0.690936933769588,vsearch_gg,split_58
274,0.6902600600599961,vsearch_gg,split_58
350,0.690045116710537,vsearch_gg,split_58
68,0.6886911707570054,vsearch_gg,split_59
137,0.6920571103742331,vsearch_gg,split_59
274,0.6948436472007878,vsearch_gg,split_59
350,0.6954118838280289,vsearch_gg,split_59
68,0.6742823993041167,vsearch_gg,split_60
137,0.6797180024829023,vsearch_gg,split_60
274,0.6811182293893198,vsearch_gg,split_60
350,0.6798105414395224,vsearch_gg,split_60
68,0.6755893685226567,vsearch_gg,split_61
137,0.6767388241147091,vsearch_gg,split_61
274,0.6769742676343539,vsearch_gg,split_61
350,0.6755438330405862,vsearch_gg,split_61
68,0.6901434080947176,vsearch_gg,split_62
137,0.6949627266544579,vsearch_gg,split_62
274,0.6983854440594066,vsearch_gg,split_62
350,0.6982234698534477,vsearch_gg,split_62
68,0.6781325872588433,vsearch_gg,split_63
137,0.6842384870596419,vsearch_gg,split_63
274,0.68498748280697,vsearch_gg,split_63
350,0.6845014660964108,vsearch_gg,split_63
68,0.6926217803453207,vsearch_gg,split_64
137,0.6932214028550094,vsearch_gg,split_64
274,0.6913618377805801,vsearch_gg,split_64
350,0.6907980043991003,vsearch_gg,split_64
68,0.6639811004521956,vsearch_gg,split_65
137,0.6671980877152054,vsearch_gg,split_65
274,0.6688531892899336,vsearch_gg,split_65
350,0.6682961805404638,vsearch_gg,split_65
68,0.6881982353306191,vsearch_gg,split_66
137,0.6903923387952311,vsearch_gg,split_66
274,0.6925532693547417,vsearch_gg,split_66
350,0.6908586955213876,vsearch_gg,split_66
68,0.6558712427296032,vsearch_gg,split_67
137,0.6541875061303787,vsearch_gg,split_67
274,0.6548725326365624,vsearch_gg,split_67
350,0.6546223628025972,vsearch_gg,split_67
68,0.6779882224347931,vsearch_gg,split_68
137,0.681719345097383,vsearch_gg,split_68
274,0.6848509056906721,vsearch_gg,split_68
350,0.6852363142333854,vsearch_gg,split_68
68,0.6803125205591699,vsearch_gg,split_69
137,0.6801655674148416,vsearch_gg,split_69
274,0.6810001901443978,vsearch_gg,split_69
350,0.6796064351946628,vsearch_gg,split_69
68,0.6506330435099137,vsearch_gg,split_70
137,0.6518967052977356,vsearch_gg,split_70
274,0.6520414200927502,vsearch_gg,split_70
350,0.6532082789436002,vsearch_gg,split_70
68,0.6737697327921421,vsearch_gg,split_71
137,0.6722595393291783,vsearch_gg,split_71
274,0.6733375295103766,vsearch_gg,split_71
350,0.6711593883941972,vsearch_gg,split_71
68,0.6466558162869248,vsearch_gg,split_72
137,0.648337872274563,vsearch_gg,split_72
274,0.6483100502033058,vsearch_gg,split_72
350,0.6474934539138655,vsearch_gg,split_72
68,0.6792861121018219,vsearch_gg,split_73
137,0.6825902322896327,vsearch_gg,split_73
274,0.6824670980886681,vsearch_gg,split_73
350,0.6822158214276369,vsearch_gg,split_73
68,0.6621733750919538,vsearch_gg,split_74
137,0.6647071247054007,vsearch_gg,split_74
274,0.6628132797200833,vsearch_gg,split_74
350,0.6613545240922174,vsearch_gg,split_74
68,0.699741127923962,vsearch_gg,split_75
137,0.7027628345167978,vsearch_gg,split_75
274,0.7029732825369808,vsearch_gg,split_75
350,0.7035402079704901,vsearch_gg,split_75
68,0.6773614675440672,vsearch_gg,split_76
137,0.6777736766341759,vsearch_gg,split_76
274,0.6761079784344445,vsearch_gg,split_76
350,0.6742653549503655,vsearch_gg,split_76
68,0.6990457192288099,vsearch_gg,split_77
137,0.7030734978257266,vsearch_gg,split_77
274,0.7021687624877604,vsearch_gg,split_77
350,0.7031360392040347,vsearch_gg,split_77
68,0.6914806329269478,vsearch_gg,split_78
137,0.6948467593534581,vsearch_gg,split_78
274,0.6968112823928739,vsearch_gg,split_78
350,0.6954233991665334,vsearch_gg,split_78
68,0.6733097021471838,vsearch_gg,split_79
137,0.6736992083092893,vsearch_gg,split_79
274,0.6721383591599107,vsearch_gg,split_79
350,0.6719788209794387,vsearch_gg,split_79
68,0.6499687784935396,vsearch_gg,split_80
137,0.6503031817420862,vsearch_gg,split_80
274,0.648358622066589,vsearch_gg,split_80
350,0.6464301260524313,vsearch_gg,split_80
68,0.6871719628706953,vsearch_gg,split_81
137,0.6867598451493004,vsearch_gg,split_81
274,0.686239640824618,vsearch_gg,split_81
350,0.6857165708117126,vsearch_gg,split_81
68,0.6767894430059451,vsearch_gg,split_82
137,0.6785751475965153,vsearch_gg,split_82
274,0.6767721247013055,vsearch_gg,split_82
350,0.677980065468786,vsearch_gg,split_82
68,0.6909570701490149,vsearch_gg,split_83
137,0.694539327468304,vsearch_gg,split_83
274,0.6966381814838727,vsearch_gg,split_83
350,0.6976463727373468,vsearch_gg,split_83
68,0.6871536964565574,vsearch_gg,split_84
137,0.6878177252908814,vsearch_gg,split_84
274,0.6883388014619183,vsearch_gg,split_84
350,0.6884581809379287,vsearch_gg,split_84
68,0.6721123779448254,vsearch_gg,split_85
137,0.6775753071237357,vsearch_gg,split_85
274,0.6803945745435257,vsearch_gg,split_85
350,0.6806342183304975,vsearch_gg,split_85
68,0.663070062135156,vsearch_gg,split_86
137,0.6651241806397005,vsearch_gg,split_86
274,0.665731347424761,vsearch_gg,split_86
350,0.6642661595204044,vsearch_gg,split_86
68,0.6476504848661111,vsearch_gg,split_87
137,0.6487350753957882,vsearch_gg,split_87
274,0.647560568608509,vsearch_gg,split_87
350,0.6476628405815795,vsearch_gg,split_87
68,0.6933922194191673,vsearch_gg,split_88
137,0.6932135246861173,vsearch_gg,split_88
274,0.6936842689958463,vsearch_gg,split_88
350,0.6914811360084302,vsearch_gg,split_88
68,0.6720167899534204,vsearch_gg,split_89
137,0.6743453716321754,vsearch_gg,split_89
274,0.6763396762503475,vsearch_gg,split_89
350,0.6737623567606648,vsearch_gg,split_89
68,0.6683671755964273,vsearch_gg,split_90
137,0.6694402755502181,vsearch_gg,split_90
274,0.6697838910502627,vsearch_gg,split_90
350,0.6695427855618777,vsearch_gg,split_90
68,0.6838854560958016,vsearch_gg,split_91
137,0.6877163471785782,vsearch_gg,split_91
274,0.6919764673749157,vsearch_gg,split_91
350,0.6911354943637764,vsearch_gg,split_91
68,0.6900865754804898,vsearch_gg,split_92
137,0.6939450028790115,vsearch_gg,split_92
274,0.6952702684101136,vsearch_gg,split_92
350,0.6958448919915269,vsearch_gg,split_92
68,0.6745431851221179,vsearch_gg,split_93
137,0.6789807329095428,vsearch_gg,split_93
274,0.6795964144480398,vsearch_gg,split_93
350,0.6786497227623933,vsearch_gg,split_93
68,0.6651499930141578,vsearch_gg,split_94
137,0.6649981753998676,vsearch_gg,split_94
274,0.6630029291125509,vsearch_gg,split_94
350,0.6621774956026074,vsearch_gg,split_94
68,0.6486564516427663,vsearch_gg,split_95
137,0.6524749157019223,vsearch_gg,split_95
274,0.6532708163940423,vsearch_gg,split_95
350,0.6543910071500976,vsearch_gg,split_95
68,0.6900595448615577,vsearch_gg,split_96
137,0.6952232858009687,vsearch_gg,split_96
274,0.697127142243632,vsearch_gg,split_96
350,0.6963874963133223,vsearch_gg,split_96
68,0.6515998670971989,vsearch_gg,split_97
137,0.6521017583359207,vsearch_gg,split_97
274,0.6499596968125412,vsearch_gg,split_97
350,0.6486491374473318,vsearch_gg,split_97
68,0.6750969462163026,vsearch_gg,split_98
137,0.6740343574396465,vsearch_gg,split_98
274,0.6767402322055996,vsearch_gg,split_98
350,0.676309064818948,vsearch_gg,split_98
68,0.6410331798878235,vsearch_gg,split_99
137,0.6421314771030112,vsearch_gg,split_99
274,0.641434935497034,vsearch_gg,split_99
350,0.6406236729592402,vsearch_gg,split_99
68,0.6814538578675398,vsearch_gg,split_100
137,0.6845304155036454,vsearch_gg,split_100
274,0.6839594021422102,vsearch_gg,split_100
350,0.6847109357516096,vsearch_gg,split_100
