label	cutoff	tp	tn	fp	fn	sensitivity	specificity	ppv	npv	fdr	accuracy	mcc	f1score
0.03	0.03	2.73959e+07	7.42168e+09	2.37672e+06	4.03373e+06	0.871659	0.99968	0.920171	0.999457	0.920171	0.99914	0.895158	0.895258	
0.03	0.03	2.73587e+07	7.40392e+09	2.37645e+06	4.01566e+06	0.872008	0.999679	0.920079	0.999458	0.920079	0.999141	0.895293	0.895399	
0.03	0.03	2.75409e+07	7.41456e+09	2.51956e+06	3.9122e+06	0.875618	0.99966	0.916184	0.999473	0.916184	0.999137	0.89524	0.895442	
0.03	0.03	2.74539e+07	7.41818e+09	2.41698e+06	4.01951e+06	0.872289	0.999674	0.919086	0.999458	0.919086	0.999136	0.894951	0.895076	
0.03	0.03	2.74632e+07	7.43993e+09	2.39006e+06	4.03412e+06	0.871922	0.999679	0.91994	0.999458	0.91994	0.99914	0.89518	0.895287	
0.03	0.03	2.72662e+07	7.40316e+09	2.33616e+06	4.04945e+06	0.87069	0.999685	0.921082	0.999453	0.921082	0.999141	0.895103	0.895177	
0.03	0.03	2.74433e+07	7.41587e+09	2.41709e+06	4.02014e+06	0.872228	0.999674	0.919054	0.999458	0.919054	0.999136	0.894904	0.895029	
0.03	0.03	2.76298e+07	7.44096e+09	2.55296e+06	3.89206e+06	0.876528	0.999657	0.915417	0.999477	0.915417	0.999138	0.89533	0.89555	
0.03	0.03	2.75566e+07	7.42541e+09	2.50262e+06	3.92239e+06	0.875396	0.999663	0.916744	0.999472	0.916744	0.999139	0.895401	0.895593	
0.03	0.03	2.75947e+07	7.44211e+09	2.51192e+06	3.92647e+06	0.875434	0.999663	0.916566	0.999473	0.916566	0.999139	0.895334	0.895528	
0.03	0.03	2.77759e+07	7.44688e+09	2.72384e+06	3.77183e+06	0.880441	0.999634	0.910693	0.999494	0.910693	0.999132	0.895004	0.895311	
0.03	0.03	2.75511e+07	7.41988e+09	2.60751e+06	3.8587e+06	0.87715	0.999649	0.91354	0.99948	0.91354	0.999133	0.894726	0.894975	
0.03	0.03	2.74252e+07	7.41055e+09	2.38459e+06	4.0215e+06	0.872117	0.999678	0.920006	0.999458	0.920006	0.999139	0.895312	0.895422	
0.03	0.03	2.76255e+07	7.41481e+09	2.65629e+06	3.79797e+06	0.879136	0.999642	0.912281	0.999488	0.912281	0.999134	0.895121	0.895402	
0.03	0.03	2.74281e+07	7.4147e+09	2.38545e+06	4.01862e+06	0.872209	0.999678	0.919988	0.999458	0.919988	0.99914	0.895351	0.895461	
0.03	0.03	2.75673e+07	7.43639e+09	2.51732e+06	3.91885e+06	0.875537	0.999662	0.916325	0.999473	0.916325	0.999138	0.895269	0.895467	
0.03	0.03	2.75337e+07	7.42495e+09	2.52524e+06	3.8996e+06	0.87594	0.99966	0.91599	0.999475	0.91599	0.999139	0.895311	0.895518	
0.03	0.03	2.75498e+07	7.40685e+09	2.6611e+06	3.7805e+06	0.879334	0.999641	0.911916	0.99949	0.911916	0.999134	0.895043	0.895329	
0.03	0.03	2.7625e+07	7.39066e+09	2.71315e+06	3.74768e+06	0.880543	0.999633	0.91057	0.999493	0.91057	0.99913	0.894995	0.895305	
0.03	0.03	2.77581e+07	7.44727e+09	2.70496e+06	3.78934e+06	0.879885	0.999637	0.911205	0.999491	0.911205	0.999132	0.894973	0.895271	
0.03	0.03	2.74941e+07	7.44501e+09	2.42958e+06	4.02058e+06	0.872422	0.999674	0.918808	0.99946	0.918808	0.999138	0.894884	0.895014	
0.03	0.03	2.74781e+07	7.44077e+09	2.40488e+06	4.01763e+06	0.872439	0.999677	0.919523	0.99946	0.919523	0.999141	0.895243	0.895363	
0.03	0.03	2.74559e+07	7.42565e+09	2.39718e+06	4.0169e+06	0.872369	0.999677	0.919701	0.999459	0.919701	0.99914	0.895293	0.89541	
0.03	0.03	2.73755e+07	7.40536e+09	2.35853e+06	4.04195e+06	0.871347	0.999682	0.920679	0.999454	0.920679	0.99914	0.895245	0.895334	
0.03	0.03	2.75554e+07	7.43433e+09	2.52465e+06	3.90901e+06	0.875764	0.999661	0.916069	0.999474	0.916069	0.999139	0.895259	0.895463	
0.03	0.03	2.74184e+07	7.41251e+09	2.49464e+06	3.91223e+06	0.875131	0.999664	0.916604	0.999472	0.916604	0.99914	0.895197	0.895387	
0.03	0.03	2.73654e+07	7.38425e+09	2.49625e+06	3.93129e+06	0.874387	0.999662	0.916406	0.999468	0.916406	0.999134	0.894717	0.894903	
0.03	0.03	2.75894e+07	7.42488e+09	2.53008e+06	3.90745e+06	0.875942	0.999659	0.915999	0.999474	0.915999	0.999137	0.895315	0.895522	
0.03	0.03	2.7463e+07	7.39769e+09	2.52559e+06	3.89567e+06	0.875771	0.999659	0.915782	0.999474	0.915782	0.999136	0.895121	0.895329	
0.03	0.03	2.74312e+07	7.41444e+09	2.38895e+06	4.02274e+06	0.872107	0.999678	0.919888	0.999458	0.919888	0.999139	0.89525	0.895361	
0.03	0.03	2.75203e+07	7.43704e+09	2.50254e+06	3.94099e+06	0.874735	0.999664	0.916645	0.99947	0.916645	0.999138	0.895014	0.8952	
0.03	0.03	2.73653e+07	7.41246e+09	2.37782e+06	4.0104e+06	0.872181	0.999679	0.920055	0.999459	0.920055	0.999142	0.89537	0.895478	
0.03	0.03	2.74739e+07	7.44319e+09	2.40874e+06	4.04109e+06	0.871773	0.999676	0.919393	0.999457	0.919393	0.999137	0.894836	0.89495	
0.03	0.03	2.74937e+07	7.44161e+09	2.40402e+06	4.02389e+06	0.872329	0.999677	0.919592	0.99946	0.919592	0.99914	0.89522	0.895337	
0.03	0.03	2.74118e+07	7.42617e+09	2.40225e+06	4.02308e+06	0.872019	0.999677	0.919426	0.999459	0.919426	0.999139	0.894979	0.895095	
0.03	0.03	2.75591e+07	7.43762e+09	2.5103e+06	3.9255e+06	0.87532	0.999663	0.916516	0.999472	0.916516	0.999139	0.895251	0.895445	
0.03	0.03	2.75329e+07	7.42544e+09	2.5251e+06	3.89312e+06	0.876118	0.99966	0.915992	0.999476	0.915992	0.99914	0.895403	0.895612	
0.03	0.03	2.75838e+07	7.43894e+09	2.5313e+06	3.90011e+06	0.876124	0.99966	0.915946	0.999476	0.915946	0.999139	0.895383	0.895592	
0.03	0.03	2.76043e+07	7.44283e+09	2.5234e+06	3.91613e+06	0.875759	0.999661	0.916243	0.999474	0.916243	0.999139	0.895342	0.895544	
0.03	0.03	2.736e+07	7.40623e+09	2.38344e+06	4.00894e+06	0.8722	0.999678	0.919867	0.999459	0.919867	0.999141	0.895288	0.8954	
0.03	0.03	2.75772e+07	7.44041e+09	2.53849e+06	3.90275e+06	0.876024	0.999659	0.915709	0.999476	0.915709	0.999138	0.895216	0.895427	
0.03	0.03	2.762e+07	7.44085e+09	2.53175e+06	3.90887e+06	0.876022	0.99966	0.916033	0.999475	0.916033	0.999138	0.895374	0.895581	
0.03	0.03	2.74539e+07	7.43908e+09	2.39868e+06	4.02834e+06	0.872044	0.999678	0.919649	0.999459	0.919649	0.99914	0.895101	0.895214	
0.03	0.03	2.74506e+07	7.43164e+09	2.38294e+06	4.03473e+06	0.871854	0.999679	0.920125	0.999457	0.920125	0.99914	0.895236	0.895339	
0.03	0.03	2.74e+07	7.41545e+09	2.38222e+06	4.02996e+06	0.871779	0.999679	0.920012	0.999457	0.920012	0.999139	0.895142	0.895246	
0.03	0.03	2.74077e+07	7.43449e+09	2.37466e+06	4.03739e+06	0.871605	0.999681	0.920266	0.999457	0.920266	0.999141	0.895177	0.895275	
0.03	0.03	2.75108e+07	7.42728e+09	2.48846e+06	3.95014e+06	0.874443	0.999665	0.917049	0.999468	0.917049	0.999137	0.895062	0.895239	
0.03	0.03	2.74713e+07	7.44359e+09	2.39284e+06	4.03107e+06	0.872039	0.999679	0.919876	0.999459	0.919876	0.999141	0.89521	0.895319	
0.03	0.03	2.7467e+07	7.42181e+09	2.44358e+06	4.0073e+06	0.87268	0.999671	0.918304	0.99946	0.918304	0.999135	0.894769	0.894911	
0.03	0.03	2.7263e+07	7.4012e+09	2.39625e+06	4.01017e+06	0.871769	0.999676	0.919207	0.999458	0.919207	0.999138	0.894744	0.89486	
0.03	0.03	2.74162e+07	7.42117e+09	2.38035e+06	4.0339e+06	0.871736	0.999679	0.920113	0.999457	0.920113	0.99914	0.895169	0.895272	
0.03	0.03	2.75548e+07	7.40843e+09	2.67172e+06	3.77506e+06	0.879506	0.999639	0.91161	0.999491	0.91161	0.999134	0.89498	0.89527	
0.03	0.03	2.74346e+07	7.43201e+09	2.39837e+06	4.02618e+06	0.872025	0.999677	0.919607	0.999459	0.919607	0.999139	0.895071	0.895184	
0.03	0.03	2.76103e+07	7.42957e+09	2.62871e+06	3.86007e+06	0.877343	0.999646	0.913069	0.999481	0.913069	0.999131	0.894593	0.894849	
0.03	0.03	2.73082e+07	7.38303e+09	2.37536e+06	3.99742e+06	0.87231	0.999678	0.919977	0.999459	0.919977	0.999141	0.895398	0.895509	
0.03	0.03	2.74828e+07	7.41915e+09	2.5254e+06	3.88976e+06	0.876014	0.99966	0.915843	0.999476	0.915843	0.999139	0.895277	0.895486	
0.03	0.03	2.7474e+07	7.39889e+09	2.49527e+06	3.92961e+06	0.874868	0.999663	0.916739	0.999469	0.916739	0.999136	0.895127	0.895314	
0.03	0.03	2.73841e+07	7.42131e+09	2.38683e+06	4.04154e+06	0.871393	0.999678	0.919827	0.999456	0.919827	0.999138	0.894853	0.894955	
0.03	0.03	2.75859e+07	7.41507e+09	2.66843e+06	3.81341e+06	0.878551	0.99964	0.9118	0.999486	0.9118	0.99913	0.894585	0.894867	
0.03	0.03	2.76403e+07	7.42417e+09	2.65968e+06	3.8221e+06	0.878519	0.999642	0.912222	0.999485	0.912222	0.999131	0.894777	0.895053	
0.03	0.03	2.77459e+07	7.44141e+09	2.72749e+06	3.76428e+06	0.880538	0.999634	0.910496	0.999494	0.910496	0.999132	0.894957	0.895266	
0.03	0.03	2.73603e+07	7.40989e+09	2.36147e+06	4.03117e+06	0.871584	0.999681	0.920547	0.999456	0.920547	0.999141	0.895303	0.895397	
0.03	0.03	2.73675e+07	7.4035e+09	2.3978e+06	4.03386e+06	0.871539	0.999676	0.919443	0.999455	0.919443	0.999135	0.894739	0.89485	
0.03	0.03	2.75553e+07	7.40759e+09	2.52703e+06	3.90073e+06	0.875994	0.999659	0.915996	0.999474	0.915996	0.999136	0.89534	0.895549	
0.03	0.03	2.76015e+07	7.44587e+09	2.5086e+06	3.94893e+06	0.874837	0.999663	0.916686	0.99947	0.916686	0.999137	0.895086	0.895273	
0.03	0.03	2.77654e+07	7.44616e+09	2.71431e+06	3.78111e+06	0.880142	0.999636	0.910947	0.999492	0.910947	0.999132	0.894977	0.89528	
0.03	0.03	2.75159e+07	7.44415e+09	2.39502e+06	4.03509e+06	0.872109	0.999678	0.919928	0.999458	0.919928	0.99914	0.895271	0.895381	
0.03	0.03	2.75314e+07	7.42824e+09	2.50827e+06	3.92092e+06	0.875338	0.999662	0.916501	0.999472	0.916501	0.999138	0.895253	0.895447	
0.03	0.03	2.74446e+07	7.44066e+09	2.35795e+06	4.08273e+06	0.870502	0.999683	0.920881	0.999452	0.920881	0.999138	0.894908	0.894983	
0.03	0.03	2.74337e+07	7.43019e+09	2.39008e+06	4.0218e+06	0.872143	0.999678	0.91986	0.999459	0.91986	0.999141	0.895255	0.895366	
0.03	0.03	2.76202e+07	7.42006e+09	2.6642e+06	3.7954e+06	0.879187	0.999641	0.912027	0.999489	0.912027	0.999133	0.895023	0.895306	
0.03	0.03	2.75809e+07	7.44406e+09	2.50095e+06	3.95197e+06	0.874671	0.999664	0.916862	0.999469	0.916862	0.999137	0.895087	0.89527	
0.03	0.03	2.74579e+07	7.43212e+09	2.38654e+06	4.02628e+06	0.872118	0.999679	0.920034	0.999459	0.920034	0.999141	0.895327	0.895435	
0.03	0.03	2.72907e+07	7.40447e+09	2.3231e+06	4.07467e+06	0.87009	0.999686	0.921553	0.99945	0.921553	0.99914	0.895023	0.895083	
0.03	0.03	2.74307e+07	7.35975e+09	2.66456e+06	3.73689e+06	0.880103	0.999638	0.911463	0.999493	0.911463	0.999134	0.895212	0.895509	
0.03	0.03	2.74203e+07	7.42581e+09	2.39027e+06	4.01628e+06	0.872242	0.999678	0.919818	0.999459	0.919818	0.999141	0.895286	0.895399	
0.03	0.03	2.74556e+07	7.42064e+09	2.3675e+06	4.04649e+06	0.871548	0.999681	0.920615	0.999455	0.920615	0.99914	0.895317	0.89541	
0.03	0.03	2.7557e+07	7.4386e+09	2.53009e+06	3.90657e+06	0.875838	0.99966	0.915908	0.999475	0.915908	0.999139	0.895218	0.895425	
0.03	0.03	2.73705e+07	7.41061e+09	2.37174e+06	4.03139e+06	0.87162	0.99968	0.920257	0.999456	0.920257	0.99914	0.895179	0.895278	
0.03	0.03	2.75734e+07	7.42279e+09	2.62113e+06	3.84658e+06	0.877575	0.999647	0.913192	0.999482	0.913192	0.999133	0.894772	0.895029	
0.03	0.03	2.74508e+07	7.39808e+09	2.37115e+06	4.03834e+06	0.871755	0.99968	0.92049	0.999454	0.92049	0.999138	0.895361	0.89546	
0.03	0.03	2.75518e+07	7.42798e+09	2.52128e+06	3.91121e+06	0.875689	0.999661	0.916161	0.999474	0.916161	0.999138	0.895266	0.895468	
0.03	0.03	2.74553e+07	7.41047e+09	2.59733e+06	3.86136e+06	0.8767	0.99965	0.913574	0.999479	0.913574	0.999132	0.894513	0.894757	
0.03	0.03	2.77336e+07	7.43776e+09	2.70189e+06	3.78729e+06	0.879848	0.999637	0.911226	0.999491	0.911226	0.999132	0.894965	0.895262	
0.03	0.03	2.74591e+07	7.41673e+09	2.39417e+06	4.02196e+06	0.872242	0.999677	0.919802	0.999458	0.919802	0.999139	0.895277	0.895391	
0.03	0.03	2.75995e+07	7.44014e+09	2.50809e+06	3.93187e+06	0.875303	0.999663	0.916696	0.999472	0.916696	0.999138	0.89533	0.895521	
0.03	0.03	2.73765e+07	7.4183e+09	2.38297e+06	4.00894e+06	0.872268	0.999679	0.919926	0.99946	0.919926	0.999142	0.895352	0.895463	
0.03	0.03	2.77304e+07	7.43104e+09	2.71405e+06	3.77115e+06	0.880287	0.999635	0.910852	0.999493	0.910852	0.999131	0.895004	0.895309	
0.03	0.03	2.76083e+07	7.41142e+09	2.67172e+06	3.77745e+06	0.879644	0.99964	0.911766	0.999491	0.911766	0.999134	0.895128	0.895417	
0.03	0.03	2.73598e+07	7.42343e+09	2.36411e+06	4.04131e+06	0.871301	0.999682	0.920464	0.999456	0.920464	0.999141	0.895117	0.895208	
0.03	0.03	2.74642e+07	7.42869e+09	2.37788e+06	4.04264e+06	0.87169	0.99968	0.920318	0.999456	0.920318	0.99914	0.895245	0.895344	
0.03	0.03	2.71755e+07	7.31967e+09	2.33365e+06	3.96856e+06	0.872574	0.999681	0.920918	0.999458	0.920918	0.999143	0.895993	0.896094	
0.03	0.03	2.74555e+07	7.44092e+09	2.39424e+06	4.02793e+06	0.872062	0.999678	0.91979	0.999459	0.91979	0.999141	0.89518	0.89529	
0.03	0.03	2.72201e+07	7.43622e+09	2.28538e+06	4.30459e+06	0.863454	0.999693	0.922544	0.999421	0.922544	0.999118	0.892071	0.892021	
0.03	0.03	2.73204e+07	7.40627e+09	2.39717e+06	4.00167e+06	0.872241	0.999676	0.919335	0.99946	0.919335	0.99914	0.895049	0.895169	
0.03	0.03	2.74725e+07	7.4376e+09	2.39226e+06	4.02702e+06	0.872156	0.999678	0.919897	0.999459	0.919897	0.999141	0.89528	0.89539	
0.03	0.03	2.73441e+07	7.43038e+09	2.46255e+06	4.09075e+06	0.869866	0.999669	0.917383	0.99945	0.917383	0.999122	0.89287	0.892992	
0.03	0.03	2.74732e+07	7.42758e+09	2.40653e+06	4.01e+06	0.872631	0.999676	0.91946	0.99946	0.91946	0.99914	0.89531	0.895433	
0.03	0.03	2.75587e+07	7.44274e+09	2.50348e+06	3.94614e+06	0.874745	0.999664	0.916723	0.99947	0.916723	0.999137	0.895057	0.895242	
0.03	0.03	2.74665e+07	7.43712e+09	2.37408e+06	4.04475e+06	0.871641	0.999681	0.920441	0.999456	0.920441	0.999141	0.89528	0.895376	
0.03	0.03	2.74463e+07	7.43739e+09	2.38914e+06	4.02565e+06	0.872088	0.999679	0.919923	0.999459	0.919923	0.999141	0.895258	0.895367	
0.03	0.03	2.77002e+07	7.43841e+09	2.71244e+06	3.77444e+06	0.88008	0.999635	0.910812	0.999493	0.910812	0.999132	0.89488	0.895182	
0.03	0.03	2.75001e+07	7.44552e+09	2.38299e+06	4.04079e+06	0.871887	0.99968	0.920256	0.999458	0.920256	0.999141	0.895317	0.895419	
0.03	0.03	2.74698e+07	7.43711e+09	2.3829e+06	4.03599e+06	0.871897	0.99968	0.920178	0.999458	0.920178	0.999141	0.895284	0.895387	
0.03	0.03	2.72076e+07	7.38315e+09	2.36594e+06	3.98646e+06	0.872204	0.99968	0.919998	0.99946	0.919998	0.999144	0.895355	0.895464	
0.03	0.03	2.75455e+07	7.42384e+09	2.51493e+06	3.90871e+06	0.875734	0.999661	0.916338	0.999474	0.916338	0.999139	0.895375	0.895576	
0.03	0.03	2.76055e+07	7.43928e+09	2.51296e+06	3.92812e+06	0.875431	0.999662	0.916564	0.999472	0.916564	0.999138	0.895331	0.895525	
0.03	0.03	2.74633e+07	7.43444e+09	2.3908e+06	4.022e+06	0.872258	0.999679	0.919917	0.999459	0.919917	0.999141	0.895342	0.895454	
0.03	0.03	2.74428e+07	7.44373e+09	2.34787e+06	4.08492e+06	0.870434	0.999685	0.921188	0.999452	0.921188	0.99914	0.895022	0.895092	
0.03	0.03	2.75044e+07	7.43768e+09	2.39895e+06	4.02848e+06	0.872245	0.999678	0.919777	0.999459	0.919777	0.99914	0.895266	0.895381	
0.03	0.03	2.74338e+07	7.42433e+09	2.368e+06	4.04054e+06	0.871624	0.999681	0.920541	0.999456	0.920541	0.999141	0.895321	0.895415	
0.03	0.03	2.74349e+07	7.44007e+09	2.35062e+06	4.08488e+06	0.870402	0.999684	0.921082	0.999451	0.921082	0.999139	0.894954	0.895025	
0.03	0.03	2.74418e+07	7.43398e+09	2.37889e+06	4.02534e+06	0.872078	0.99968	0.920227	0.999459	0.920227	0.999142	0.895401	0.895506	
0.03	0.03	2.74194e+07	7.41824e+09	2.382e+06	4.03101e+06	0.871829	0.999679	0.920071	0.999457	0.920071	0.999139	0.895196	0.895301	
0.03	0.03	2.7511e+07	7.42557e+09	2.5075e+06	3.92671e+06	0.875095	0.999662	0.916468	0.999471	0.916468	0.999137	0.895112	0.895304	
0.03	0.03	2.7333e+07	7.40101e+09	2.37157e+06	4.0306e+06	0.871488	0.99968	0.920161	0.999456	0.920161	0.999139	0.895065	0.895164	
0.03	0.03	2.74335e+07	7.43797e+09	2.38872e+06	4.06562e+06	0.870929	0.999679	0.919901	0.999454	0.919901	0.999136	0.89465	0.894746	
0.03	0.03	2.74927e+07	7.40062e+09	2.50662e+06	3.87949e+06	0.87634	0.999661	0.916444	0.999476	0.916444	0.999141	0.895738	0.895943	
0.03	0.03	2.74698e+07	7.44603e+09	2.37767e+06	4.052e+06	0.871454	0.999681	0.920339	0.999456	0.920339	0.99914	0.895135	0.89523	
0.03	0.03	2.75915e+07	7.43893e+09	2.53186e+06	3.90352e+06	0.876059	0.99966	0.91595	0.999476	0.91595	0.999139	0.895352	0.895561	
0.03	0.03	2.77269e+07	7.42812e+09	2.6982e+06	3.78386e+06	0.879918	0.999637	0.911317	0.999491	0.911317	0.999131	0.895045	0.895342	
0.03	0.03	2.7391e+07	7.41716e+09	2.40742e+06	4.01539e+06	0.872147	0.999676	0.91921	0.999459	0.91921	0.999138	0.894939	0.89506	
0.03	0.03	2.74843e+07	7.4382e+09	2.39598e+06	4.02762e+06	0.872188	0.999678	0.919814	0.999459	0.919814	0.99914	0.895255	0.895368	
0.03	0.03	2.73541e+07	7.42916e+09	2.47566e+06	4.07366e+06	0.87038	0.999667	0.917007	0.999452	0.917007	0.999122	0.892951	0.893085	
0.03	0.03	2.75847e+07	7.42704e+09	2.59519e+06	3.8825e+06	0.876617	0.999651	0.914009	0.999478	0.914009	0.999132	0.894684	0.894923	
0.03	0.03	2.77027e+07	7.42572e+09	2.70721e+06	3.75532e+06	0.880624	0.999636	0.910976	0.999495	0.910976	0.999134	0.895238	0.895543	
0.03	0.03	2.75091e+07	7.40678e+09	2.50181e+06	3.92781e+06	0.875057	0.999662	0.916637	0.99947	0.916637	0.999136	0.895174	0.895365	
0.03	0.03	2.74334e+07	7.43897e+09	2.36081e+06	4.07375e+06	0.870704	0.999683	0.920763	0.999453	0.920763	0.999139	0.894954	0.895034	
0.03	0.03	2.75674e+07	7.41874e+09	2.5703e+06	3.91994e+06	0.875508	0.999654	0.914715	0.999472	0.914715	0.999129	0.894461	0.894682	
0.03	0.03	2.76198e+07	7.43104e+09	2.62178e+06	3.85441e+06	0.877537	0.999647	0.913305	0.999482	0.913305	0.999132	0.894809	0.895064	
0.03	0.03	2.75959e+07	7.44149e+09	2.51649e+06	3.92428e+06	0.875499	0.999662	0.91643	0.999473	0.91643	0.999138	0.8953	0.895497	
0.03	0.03	2.74518e+07	7.4237e+09	2.39129e+06	4.01968e+06	0.872276	0.999678	0.919871	0.999459	0.919871	0.99914	0.895329	0.895441	
0.03	0.03	2.74224e+07	7.4346e+09	2.38113e+06	4.03236e+06	0.871804	0.99968	0.920106	0.999458	0.920106	0.999141	0.895201	0.895304	
0.03	0.03	2.73866e+07	7.42645e+09	2.3573e+06	4.06004e+06	0.870891	0.999683	0.920747	0.999454	0.920747	0.99914	0.895043	0.895125	
0.03	0.03	2.75167e+07	7.44682e+09	2.43053e+06	4.01806e+06	0.872583	0.999674	0.91884	0.999461	0.91884	0.999138	0.894983	0.895114	
0.03	0.03	2.74597e+07	7.40174e+09	2.51866e+06	3.87849e+06	0.876237	0.99966	0.915984	0.999476	0.915984	0.99914	0.89546	0.89567	
0.03	0.03	2.71216e+07	7.36219e+09	2.34298e+06	3.99955e+06	0.871484	0.999682	0.920481	0.999457	0.920481	0.999142	0.89522	0.895313	
0.03	0.03	2.74469e+07	7.43665e+09	2.38354e+06	4.03336e+06	0.871877	0.99968	0.920097	0.999458	0.920097	0.999141	0.895234	0.895338	
0.03	0.03	2.75839e+07	7.42122e+09	2.52269e+06	3.91314e+06	0.875762	0.99966	0.916208	0.999473	0.916208	0.999137	0.895325	0.895528	
0.03	0.03	2.74552e+07	7.42858e+09	2.39371e+06	4.0174e+06	0.872352	0.999678	0.919806	0.999459	0.919806	0.999141	0.895336	0.895451	
0.03	0.03	2.75872e+07	7.42928e+09	2.53225e+06	3.90929e+06	0.875882	0.999659	0.915926	0.999474	0.915926	0.999137	0.895249	0.895456	
0.03	0.03	2.76948e+07	7.42276e+09	2.67212e+06	3.82356e+06	0.878688	0.99964	0.912005	0.999485	0.912005	0.999129	0.894755	0.895037	
0.03	0.03	2.76021e+07	7.41566e+09	2.586e+06	3.89617e+06	0.876306	0.999651	0.914337	0.999475	0.914337	0.99913	0.894684	0.894918	
0.03	0.03	2.74946e+07	7.43107e+09	2.42681e+06	4.01886e+06	0.872472	0.999674	0.918894	0.999459	0.918894	0.999137	0.894951	0.895081	
0.03	0.03	2.74692e+07	7.43551e+09	2.42154e+06	4.01523e+06	0.872469	0.999674	0.918987	0.99946	0.918987	0.999138	0.894996	0.895124	
0.03	0.03	2.7586e+07	7.32953e+09	2.68556e+06	3.77285e+06	0.879688	0.999634	0.911284	0.999486	0.911284	0.999123	0.894908	0.895207	
0.03	0.03	2.7582e+07	7.42697e+09	2.52653e+06	3.90622e+06	0.875946	0.99966	0.916086	0.999474	0.916086	0.999138	0.89536	0.895567	
0.03	0.03	2.74118e+07	7.41387e+09	2.38179e+06	4.01409e+06	0.872268	0.999679	0.920057	0.999459	0.920057	0.999141	0.895416	0.895525	
0.03	0.03	2.72453e+07	7.44291e+09	2.31556e+06	4.28084e+06	0.864213	0.999689	0.921668	0.999425	0.921668	0.999118	0.892039	0.892016	
0.03	0.03	2.74115e+07	7.4385e+09	2.36051e+06	4.07159e+06	0.870674	0.999683	0.920714	0.999453	0.920714	0.999139	0.894915	0.894995	
0.03	0.03	2.74197e+07	7.42143e+09	2.38351e+06	4.01353e+06	0.872316	0.999679	0.920025	0.999459	0.920025	0.999142	0.895425	0.895536	
0.03	0.03	2.76022e+07	7.43843e+09	2.53116e+06	3.90625e+06	0.876025	0.99966	0.916001	0.999475	0.916001	0.999139	0.89536	0.895567	
0.03	0.03	2.73096e+07	7.36221e+09	2.38632e+06	3.98521e+06	0.872656	0.999676	0.919642	0.999459	0.919642	0.999139	0.895411	0.895533	
0.03	0.03	2.75918e+07	7.42805e+09	2.51865e+06	3.92059e+06	0.875586	0.999661	0.916353	0.999472	0.916353	0.999137	0.895306	0.895506	
0.03	0.03	2.76139e+07	7.44489e+09	2.52711e+06	3.91608e+06	0.875798	0.999661	0.916157	0.999474	0.916157	0.999138	0.89532	0.895523	
0.03	0.03	2.74358e+07	7.40589e+09	2.52092e+06	3.89474e+06	0.875689	0.99966	0.915848	0.999474	0.915848	0.999138	0.895112	0.895318	
0.03	0.03	2.74417e+07	7.43138e+09	2.43325e+06	4.00912e+06	0.872527	0.999673	0.918552	0.999461	0.918552	0.999137	0.894813	0.894948	
0.03	0.03	2.76131e+07	7.44147e+09	2.53388e+06	3.90779e+06	0.876025	0.99966	0.915949	0.999475	0.915949	0.999138	0.895334	0.895543	
0.03	0.03	2.74866e+07	7.44101e+09	2.39342e+06	4.0285e+06	0.872172	0.999678	0.919899	0.999459	0.919899	0.999141	0.895289	0.8954	
0.03	0.03	2.75827e+07	7.43796e+09	2.53346e+06	3.90209e+06	0.876064	0.99966	0.915877	0.999476	0.915877	0.999139	0.895319	0.895528	
0.03	0.03	2.75617e+07	7.43602e+09	2.4916e+06	3.9555e+06	0.874497	0.999665	0.917094	0.999468	0.917094	0.999137	0.895111	0.895289	
0.03	0.03	2.7528e+07	7.43498e+09	2.49346e+06	3.92418e+06	0.875233	0.999665	0.916944	0.999472	0.916944	0.999141	0.895417	0.895603	
0.03	0.03	2.74846e+07	7.43306e+09	2.39537e+06	4.02594e+06	0.872235	0.999678	0.919834	0.999459	0.919834	0.99914	0.895289	0.895402	
0.03	0.03	2.75103e+07	7.418e+09	2.49776e+06	3.93834e+06	0.874769	0.999663	0.916764	0.999469	0.916764	0.999136	0.895089	0.895274	
0.03	0.03	2.74209e+07	7.43432e+09	2.39377e+06	4.06108e+06	0.871003	0.999678	0.919712	0.999454	0.919712	0.999136	0.894595	0.894695	
0.03	0.03	2.74738e+07	7.44284e+09	2.36102e+06	4.07758e+06	0.870764	0.999683	0.920864	0.999452	0.920864	0.999139	0.895034	0.895113	
0.03	0.03	2.74667e+07	7.4398e+09	2.36364e+06	4.058e+06	0.871275	0.999682	0.920764	0.999455	0.920764	0.999141	0.89525	0.895336	
0.03	0.03	2.75816e+07	7.44089e+09	2.5329e+06	3.90814e+06	0.875892	0.99966	0.915891	0.999475	0.915891	0.999138	0.895237	0.895445	
0.03	0.03	2.76288e+07	7.42554e+09	2.68768e+06	3.78592e+06	0.879486	0.999638	0.911346	0.99949	0.911346	0.999132	0.89484	0.895133	
0.03	0.03	2.73727e+07	7.39622e+09	2.53126e+06	3.86156e+06	0.876368	0.999658	0.915354	0.999478	0.915354	0.99914	0.895218	0.895437	
0.03	0.03	2.75342e+07	7.38944e+09	2.66644e+06	3.76821e+06	0.879619	0.999639	0.911709	0.99949	0.911709	0.999133	0.895086	0.895377	
0.03	0.03	2.75093e+07	7.44563e+09	2.39303e+06	4.03472e+06	0.872093	0.999679	0.919972	0.999458	0.919972	0.999141	0.895284	0.895393	
0.03	0.03	2.75971e+07	7.43611e+09	2.52927e+06	3.91056e+06	0.875885	0.99966	0.916045	0.999474	0.916045	0.999138	0.895309	0.895515	
0.03	0.03	2.73308e+07	7.42345e+09	2.33909e+06	4.07919e+06	0.870131	0.999685	0.921163	0.999451	0.921163	0.999139	0.894854	0.89492	
0.03	0.03	2.74681e+07	7.43674e+09	2.38612e+06	4.03771e+06	0.871842	0.999679	0.920074	0.999457	0.920074	0.99914	0.895205	0.895309	
0.03	0.03	2.73198e+07	7.40445e+09	2.36821e+06	4.01789e+06	0.871787	0.99968	0.92023	0.999458	0.92023	0.999141	0.895253	0.895354	
0.03	0.03	2.7369e+07	7.40134e+09	2.37635e+06	4.02266e+06	0.871856	0.999679	0.92011	0.999457	0.92011	0.999139	0.895229	0.895333	
0.03	0.03	2.7554e+07	7.43324e+09	2.51795e+06	3.90618e+06	0.875837	0.999661	0.916269	0.999475	0.916269	0.99914	0.895395	0.895597	
0.03	0.03	2.74587e+07	7.43258e+09	2.42112e+06	4.01791e+06	0.872352	0.999674	0.918971	0.99946	0.918971	0.999138	0.894928	0.895055	
0.03	0.03	2.77293e+07	7.4286e+09	2.70554e+06	3.77834e+06	0.880082	0.999636	0.911104	0.999492	0.911104	0.999131	0.895023	0.895324	
0.03	0.03	2.75272e+07	7.43678e+09	2.42986e+06	4.01833e+06	0.872618	0.999673	0.918889	0.99946	0.918889	0.999137	0.895024	0.895156	
0.03	0.03	2.74759e+07	7.44308e+09	2.36881e+06	4.06714e+06	0.87106	0.999682	0.920629	0.999454	0.920629	0.999139	0.895072	0.895159	
0.03	0.03	2.75029e+07	7.44722e+09	2.3783e+06	4.04995e+06	0.871646	0.999681	0.920408	0.999456	0.920408	0.999141	0.895267	0.895363	
0.03	0.03	2.74996e+07	7.37293e+09	2.51854e+06	3.89316e+06	0.875986	0.999659	0.9161	0.999472	0.9161	0.999134	0.895386	0.895594	
0.03	0.03	2.7451e+07	7.43004e+09	2.3949e+06	4.02764e+06	0.872052	0.999678	0.919758	0.999458	0.919758	0.99914	0.895158	0.89527	
0.03	0.03	2.74728e+07	7.40476e+09	2.39901e+06	4.0185e+06	0.872393	0.999676	0.91969	0.999458	0.91969	0.999137	0.895299	0.895418	
0.03	0.03	2.77009e+07	7.43865e+09	2.69607e+06	3.7905e+06	0.879634	0.999638	0.911305	0.999491	0.911305	0.999132	0.894895	0.895189	
0.03	0.03	2.76066e+07	7.43952e+09	2.52773e+06	3.91457e+06	0.875811	0.99966	0.916118	0.999474	0.916118	0.999138	0.895307	0.895511	
0.03	0.03	2.74622e+07	7.43808e+09	2.35957e+06	4.0775e+06	0.870719	0.999683	0.920878	0.999452	0.920878	0.999139	0.895017	0.895096	
0.03	0.03	2.76174e+07	7.43108e+09	2.53388e+06	3.90298e+06	0.876176	0.999659	0.915961	0.999475	0.915961	0.999138	0.895417	0.895627	
0.03	0.03	2.75069e+07	7.44428e+09	2.39492e+06	4.03105e+06	0.872184	0.999678	0.919907	0.999459	0.919907	0.999141	0.8953	0.89541	
0.03	0.03	2.74384e+07	7.44004e+09	2.39663e+06	4.06137e+06	0.871067	0.999678	0.919671	0.999454	0.919671	0.999136	0.894608	0.894709	
0.03	0.03	2.73916e+07	7.42096e+09	2.38458e+06	4.01975e+06	0.872029	0.999679	0.919917	0.999459	0.919917	0.999141	0.895224	0.895333	
0.03	0.03	2.75893e+07	7.4443e+09	2.50917e+06	3.94418e+06	0.874921	0.999663	0.916635	0.99947	0.916635	0.999137	0.895104	0.895292	
0.03	0.03	2.75203e+07	7.42118e+09	2.5044e+06	3.9158e+06	0.875436	0.999663	0.916589	0.999473	0.916589	0.999139	0.895346	0.89554	
0.03	0.03	2.75088e+07	7.44587e+09	2.3967e+06	4.03506e+06	0.872081	0.999678	0.919857	0.999458	0.919857	0.99914	0.895222	0.895332	
0.03	0.03	2.72597e+07	7.38743e+09	2.41853e+06	3.98031e+06	0.872589	0.999673	0.918508	0.999461	0.918508	0.999138	0.894824	0.89496	
0.03	0.03	2.74838e+07	7.4448e+09	2.39519e+06	4.03216e+06	0.87206	0.999678	0.919837	0.999459	0.919837	0.999141	0.895201	0.895311	
0.03	0.03	2.73754e+07	7.4172e+09	2.38607e+06	4.00907e+06	0.872259	0.999678	0.919827	0.99946	0.919827	0.999142	0.895299	0.895412	
0.03	0.03	2.74191e+07	7.42204e+09	2.386e+06	4.0122e+06	0.87235	0.999679	0.919947	0.99946	0.919947	0.999142	0.895404	0.895517	
0.03	0.03	2.75671e+07	7.40755e+09	2.6708e+06	3.78213e+06	0.879355	0.99964	0.911674	0.99949	0.911674	0.999133	0.894935	0.895223	
0.03	0.03	2.74674e+07	7.43345e+09	2.39267e+06	4.03138e+06	0.872015	0.999678	0.919871	0.999458	0.919871	0.99914	0.895194	0.895304	
0.03	0.03	2.73191e+07	7.38202e+09	2.41246e+06	3.98415e+06	0.872724	0.999673	0.918859	0.999461	0.918859	0.999137	0.895064	0.895197	
0.03	0.03	2.75104e+07	7.44489e+09	2.38522e+06	4.0448e+06	0.871818	0.99968	0.920215	0.999457	0.920215	0.99914	0.895261	0.895363	
0.03	0.03	2.73902e+07	7.42829e+09	2.35597e+06	4.04954e+06	0.871197	0.999683	0.920798	0.999455	0.920798	0.999142	0.895226	0.895311	
0.03	0.03	2.74711e+07	7.44359e+09	2.37562e+06	4.05026e+06	0.871507	0.999681	0.920406	0.999456	0.920406	0.999141	0.895194	0.895289	
0.03	0.03	2.74986e+07	7.44196e+09	2.39299e+06	4.03743e+06	0.871974	0.999679	0.919944	0.999458	0.919944	0.99914	0.895209	0.895317	
0.03	0.03	2.74783e+07	7.44395e+09	2.40373e+06	4.02046e+06	0.872361	0.999677	0.919559	0.99946	0.919559	0.999141	0.895221	0.895339	
0.03	0.03	2.75888e+07	7.43881e+09	2.53923e+06	3.89938e+06	0.876164	0.999659	0.915719	0.999476	0.915719	0.999138	0.895292	0.895505	
0.03	0.03	2.74647e+07	7.43539e+09	2.42657e+06	4.01091e+06	0.872571	0.999674	0.91882	0.999461	0.91882	0.999138	0.894967	0.895099	
0.03	0.03	2.75167e+07	7.4461e+09	2.40147e+06	4.03081e+06	0.87223	0.999678	0.919732	0.999459	0.919732	0.99914	0.895237	0.895352	
0.03	0.03	2.77186e+07	7.43887e+09	2.72865e+06	3.76823e+06	0.880323	0.999633	0.910381	0.999494	0.910381	0.999131	0.894791	0.8951	
0.03	0.03	2.76516e+07	7.4171e+09	2.69719e+06	3.76946e+06	0.880034	0.999636	0.911127	0.999492	0.911127	0.999132	0.895011	0.895311	
0.03	0.03	2.74458e+07	7.4281e+09	2.37979e+06	4.03758e+06	0.871755	0.99968	0.92021	0.999457	0.92021	0.99914	0.895226	0.895328	
0.03	0.03	2.76765e+07	7.43098e+09	2.70807e+06	3.77674e+06	0.879925	0.999636	0.910873	0.999492	0.910873	0.999131	0.894831	0.895132	
0.03	0.03	2.72603e+07	7.38698e+09	2.36924e+06	3.99618e+06	0.872149	0.999679	0.920038	0.999459	0.920038	0.999142	0.895346	0.895454	
0.03	0.03	2.74966e+07	7.4438e+09	2.38179e+06	4.04927e+06	0.871638	0.99968	0.920284	0.999456	0.920284	0.99914	0.895202	0.895301	
0.03	0.03	2.74439e+07	7.43812e+09	2.38225e+06	4.03517e+06	0.871814	0.99968	0.920129	0.999458	0.920129	0.999141	0.895218	0.89532	
0.03	0.03	2.74357e+07	7.43993e+09	2.37403e+06	4.07492e+06	0.870681	0.999681	0.920361	0.999453	0.920361	0.999137	0.894746	0.894832	
0.03	0.03	2.7601e+07	7.43061e+09	2.54204e+06	3.8925e+06	0.876403	0.999658	0.915667	0.999476	0.915667	0.999138	0.895389	0.895605	
0.03	0.03	2.75021e+07	7.43156e+09	2.42218e+06	4.0165e+06	0.872567	0.999674	0.919056	0.99946	0.919056	0.999138	0.89508	0.895209	
0.03	0.03	2.74944e+07	7.42841e+09	2.39833e+06	4.02146e+06	0.872399	0.999677	0.919769	0.999459	0.919769	0.99914	0.895342	0.895458	
0.03	0.03	2.74292e+07	7.4264e+09	2.41282e+06	4.00749e+06	0.872522	0.999675	0.919147	0.999461	0.919147	0.999139	0.895101	0.895228	
0.03	0.03	2.74261e+07	7.41994e+09	2.38477e+06	4.02902e+06	0.871912	0.999679	0.920003	0.999457	0.920003	0.99914	0.895206	0.895312	
0.03	0.03	2.73489e+07	7.41674e+09	2.36303e+06	4.03185e+06	0.871518	0.999681	0.920469	0.999457	0.920469	0.999142	0.895231	0.895325	
0.03	0.03	2.73789e+07	7.42621e+09	2.36358e+06	4.0487e+06	0.871174	0.999682	0.920532	0.999455	0.920532	0.99914	0.895084	0.895173	
0.03	0.03	2.75744e+07	7.44482e+09	2.5023e+06	3.93609e+06	0.875086	0.999664	0.916803	0.999472	0.916803	0.999139	0.895272	0.895459	
0.03	0.03	2.74884e+07	7.43927e+09	2.42496e+06	4.01889e+06	0.872446	0.999674	0.918934	0.99946	0.918934	0.999138	0.894958	0.895087	
0.03	0.03	2.74711e+07	7.44272e+09	2.3989e+06	4.03258e+06	0.871997	0.999678	0.919689	0.999458	0.919689	0.99914	0.895096	0.895208	
0.03	0.03	2.74423e+07	7.44069e+09	2.37388e+06	4.0425e+06	0.871605	0.999681	0.920383	0.999457	0.920383	0.999142	0.895234	0.89533	
0.03	0.03	2.74531e+07	7.43027e+09	2.41734e+06	4.02238e+06	0.872206	0.999675	0.919073	0.999459	0.919073	0.999137	0.894902	0.895026	
0.03	0.03	2.75313e+07	7.42447e+09	2.5236e+06	3.89429e+06	0.876079	0.99966	0.916034	0.999476	0.916034	0.99914	0.895403	0.895611	
0.03	0.03	2.73109e+07	7.41576e+09	2.37485e+06	4.06074e+06	0.87056	0.99968	0.92	0.999453	0.92	0.999136	0.894508	0.894598	
0.03	0.03	2.74658e+07	7.43919e+09	2.38327e+06	4.04224e+06	0.871708	0.99968	0.920156	0.999457	0.920156	0.99914	0.895175	0.895277	
0.03	0.03	2.74001e+07	7.41741e+09	2.37354e+06	4.02781e+06	0.87184	0.99968	0.920281	0.999457	0.920281	0.999141	0.895304	0.895406	
0.03	0.03	2.74045e+07	7.43448e+09	2.35173e+06	4.07959e+06	0.870424	0.999684	0.920967	0.999452	0.920967	0.999139	0.89491	0.894982	
0.03	0.03	2.75745e+07	7.42795e+09	2.54312e+06	3.89017e+06	0.876364	0.999658	0.91556	0.999477	0.91556	0.999138	0.895317	0.895533	
0.03	0.03	2.76205e+07	7.4455e+09	2.53763e+06	3.90446e+06	0.876147	0.999659	0.915856	0.999476	0.915856	0.999139	0.895351	0.895562	
0.03	0.03	2.73793e+07	7.41787e+09	2.39556e+06	4.05953e+06	0.870875	0.999677	0.919544	0.999453	0.919544	0.999134	0.894447	0.894548	
0.03	0.03	2.74174e+07	7.43021e+09	2.3923e+06	4.02126e+06	0.872092	0.999678	0.919748	0.999459	0.919748	0.999141	0.895174	0.895286	
0.03	0.03	2.73825e+07	7.4079e+09	2.34225e+06	4.07198e+06	0.870544	0.999684	0.921202	0.999451	0.921202	0.999138	0.895085	0.895157	
0.03	0.03	2.74524e+07	7.4248e+09	2.38088e+06	4.03184e+06	0.871941	0.999679	0.920194	0.999457	0.920194	0.99914	0.895314	0.895418	
0.03	0.03	2.7559e+07	7.43432e+09	2.53594e+06	3.89771e+06	0.876093	0.999659	0.915735	0.999476	0.915735	0.999139	0.895264	0.895476	
0.03	0.03	2.75975e+07	7.43856e+09	2.53577e+06	3.90305e+06	0.876096	0.999659	0.915848	0.999476	0.915848	0.999138	0.895321	0.895531	
0.03	0.03	2.75064e+07	7.44611e+09	2.40254e+06	4.0285e+06	0.872252	0.999677	0.919671	0.999459	0.919671	0.99914	0.895219	0.895335	
0.03	0.03	2.74917e+07	7.4317e+09	2.42812e+06	4.00977e+06	0.872712	0.999673	0.918846	0.999461	0.918846	0.999138	0.895051	0.895185	
0.03	0.03	2.75596e+07	7.4293e+09	2.48634e+06	3.96164e+06	0.874319	0.999665	0.917249	0.999467	0.917249	0.999136	0.895095	0.895269	
0.03	0.03	2.72814e+07	7.40666e+09	2.41337e+06	3.99949e+06	0.872143	0.999674	0.918728	0.99946	0.918728	0.999138	0.894702	0.894829	
0.03	0.03	2.74783e+07	7.44051e+09	2.42242e+06	4.02003e+06	0.872373	0.999675	0.918984	0.99946	0.918984	0.999138	0.894945	0.895072	
0.03	0.03	2.74291e+07	7.42409e+09	2.38414e+06	4.02279e+06	0.872097	0.999679	0.920031	0.999458	0.920031	0.999141	0.895315	0.895423	
0.03	0.03	2.74397e+07	7.42638e+09	2.4303e+06	4.00521e+06	0.872628	0.999673	0.918637	0.999461	0.918637	0.999137	0.894906	0.895042	
0.03	0.03	2.74529e+07	7.43933e+09	2.39141e+06	4.03124e+06	0.87196	0.999679	0.919871	0.999458	0.919871	0.999141	0.895166	0.895275	
0.03	0.03	2.73985e+07	7.42923e+09	2.46245e+06	4.08837e+06	0.870156	0.999669	0.917536	0.99945	0.917536	0.999122	0.893094	0.893218	
0.03	0.03	2.76728e+07	7.4344e+09	2.71328e+06	3.77504e+06	0.879959	0.999635	0.910706	0.999492	0.910706	0.999131	0.894766	0.895069	
0.03	0.03	2.74237e+07	7.41568e+09	2.38933e+06	4.01598e+06	0.872264	0.999678	0.919856	0.999459	0.919856	0.99914	0.895315	0.895428	
0.03	0.03	2.74095e+07	7.41082e+09	2.3637e+06	4.0289e+06	0.871848	0.999681	0.92061	0.999457	0.92061	0.999141	0.895469	0.895565	
0.03	0.03	2.74471e+07	7.43738e+09	2.37615e+06	4.04351e+06	0.871596	0.999681	0.920326	0.999457	0.920326	0.999141	0.895201	0.895298	
0.03	0.03	2.73541e+07	7.40515e+09	2.37054e+06	4.01677e+06	0.871958	0.99968	0.92025	0.999458	0.92025	0.999141	0.89535	0.895453	
0.03	0.03	2.74859e+07	7.44333e+09	2.40316e+06	4.02155e+06	0.872362	0.999677	0.919597	0.99946	0.919597	0.999141	0.895239	0.895357	
0.03	0.03	2.74482e+07	7.44422e+09	2.34622e+06	4.08515e+06	0.87045	0.999685	0.921253	0.999452	0.921253	0.99914	0.895063	0.895131	
0.03	0.03	2.73666e+07	7.40781e+09	2.36707e+06	4.0281e+06	0.871695	0.999681	0.920391	0.999457	0.920391	0.999141	0.895284	0.895381	
0.03	0.03	2.7505e+07	7.41703e+09	2.52026e+06	3.91158e+06	0.875493	0.99966	0.916062	0.999473	0.916062	0.999137	0.895117	0.895318	
0.03	0.03	2.72767e+07	7.36821e+09	2.3783e+06	3.98827e+06	0.872436	0.999677	0.919801	0.999459	0.919801	0.99914	0.895377	0.895493	
0.03	0.03	2.76111e+07	7.43414e+09	2.53383e+06	3.90354e+06	0.876136	0.999659	0.915945	0.999475	0.915945	0.999138	0.895389	0.895598	
0.03	0.03	2.76928e+07	7.43549e+09	2.68497e+06	3.79585e+06	0.879453	0.999639	0.911614	0.99949	0.911614	0.999132	0.894955	0.895245	
0.03	0.03	2.7487e+07	7.43245e+09	2.40148e+06	4.0209e+06	0.872384	0.999677	0.919652	0.999459	0.919652	0.99914	0.895277	0.895395	
0.03	0.03	2.72647e+07	7.41476e+09	2.3666e+06	4.01192e+06	0.871728	0.999681	0.920132	0.999459	0.920132	0.999144	0.895176	0.895276	
0.03	0.03	2.74499e+07	7.35803e+09	2.53e+06	3.87213e+06	0.876377	0.999656	0.91561	0.999474	0.91561	0.999134	0.895346	0.895564	
0.03	0.03	2.73502e+07	7.41369e+09	2.38361e+06	4.00656e+06	0.872227	0.999679	0.919835	0.99946	0.919835	0.999142	0.895287	0.895399	
0.03	0.03	2.75245e+07	7.42791e+09	2.50619e+06	3.89604e+06	0.876003	0.999663	0.916546	0.999476	0.916546	0.999142	0.895617	0.895816	
0.03	0.03	2.71855e+07	7.40655e+09	2.39768e+06	3.97955e+06	0.872307	0.999676	0.918951	0.999463	0.918951	0.999143	0.894898	0.895022	
0.03	0.03	2.67131e+07	7.09886e+09	2.26357e+06	3.86293e+06	0.873662	0.999681	0.921883	0.999456	0.921883	0.999141	0.89702	0.897125	
0.03	0.03	2.73433e+07	7.39894e+09	2.39149e+06	3.99923e+06	0.872403	0.999677	0.919573	0.99946	0.919573	0.99914	0.895248	0.895367	
0.03	0.03	2.76075e+07	7.43513e+09	2.53562e+06	3.89617e+06	0.876326	0.999659	0.915881	0.999476	0.915881	0.999139	0.895455	0.895667	
0.03	0.03	2.73924e+07	7.42291e+09	2.39078e+06	4.01731e+06	0.8721	0.999678	0.919727	0.999459	0.919727	0.999141	0.895168	0.895281	
0.03	0.03	2.74276e+07	7.42165e+09	2.36018e+06	4.05244e+06	0.87127	0.999682	0.920767	0.999454	0.920767	0.99914	0.895248	0.895335	
0.03	0.03	2.74674e+07	7.4321e+09	2.37934e+06	4.04253e+06	0.871706	0.99968	0.920281	0.999456	0.920281	0.99914	0.895236	0.895335	
0.03	0.03	2.74668e+07	7.42123e+09	2.53328e+06	3.88598e+06	0.876056	0.999659	0.915558	0.999477	0.915558	0.999139	0.895159	0.895372	
0.03	0.03	2.74162e+07	7.42874e+09	2.37647e+06	4.03529e+06	0.871698	0.99968	0.920233	0.999457	0.920233	0.999141	0.895209	0.895308	
0.03	0.03	2.74739e+07	7.42673e+09	2.40682e+06	4.00993e+06	0.872635	0.999676	0.919452	0.99946	0.919452	0.99914	0.895309	0.895432	
0.03	0.03	2.74421e+07	7.41308e+09	2.4887e+06	3.93458e+06	0.874602	0.999664	0.916852	0.99947	0.916852	0.999137	0.895047	0.895228	
0.03	0.03	2.75377e+07	7.44338e+09	2.53729e+06	3.90533e+06	0.875797	0.999659	0.915635	0.999476	0.915635	0.999138	0.895063	0.895273	
0.03	0.03	2.76236e+07	7.44635e+09	2.53231e+06	3.91188e+06	0.875953	0.99966	0.916026	0.999475	0.916026	0.999139	0.895335	0.895541	
0.03	0.03	2.74486e+07	7.43494e+09	2.38827e+06	4.02907e+06	0.872002	0.999679	0.919955	0.999458	0.919955	0.999141	0.895229	0.895337	
0.03	0.03	2.75999e+07	7.44075e+09	2.52176e+06	3.91642e+06	0.875733	0.999661	0.916281	0.999474	0.916281	0.999139	0.895347	0.895548	
0.03	0.03	2.7455e+07	7.43456e+09	2.36599e+06	4.05287e+06	0.871369	0.999682	0.92066	0.999455	0.92066	0.999141	0.895247	0.895337	
0.03	0.03	2.74562e+07	7.42955e+09	2.36529e+06	4.05315e+06	0.871367	0.999682	0.920685	0.999455	0.920685	0.99914	0.895258	0.895347	
0.03	0.03	2.73598e+07	7.40429e+09	2.37733e+06	4.00487e+06	0.872312	0.999679	0.920055	0.999459	0.920055	0.999142	0.895438	0.895548	
0.03	0.03	2.73641e+07	7.41669e+09	2.41668e+06	4.01165e+06	0.872142	0.999674	0.918851	0.999459	0.918851	0.999137	0.894761	0.894887	
0.03	0.03	2.73484e+07	7.40443e+09	2.48482e+06	3.89058e+06	0.875458	0.999665	0.91671	0.999475	0.91671	0.999143	0.895418	0.895609	
0.03	0.03	2.74727e+07	7.42768e+09	2.43672e+06	4.00555e+06	0.872752	0.999672	0.91853	0.999461	0.91853	0.999137	0.894917	0.895056	
0.03	0.03	2.74346e+07	7.43349e+09	2.38782e+06	4.02813e+06	0.871971	0.999679	0.919932	0.999458	0.919932	0.999141	0.895202	0.89531	
0.03	0.03	2.74746e+07	7.43845e+09	2.39656e+06	4.02752e+06	0.872151	0.999678	0.91977	0.999459	0.91977	0.99914	0.895215	0.895328	
0.03	0.03	2.74913e+07	7.41841e+09	2.50637e+06	3.90615e+06	0.87559	0.999662	0.916448	0.999474	0.916448	0.99914	0.895356	0.895553	
0.03	0.03	2.74787e+07	7.4404e+09	2.39404e+06	4.03097e+06	0.872072	0.999678	0.919859	0.999459	0.919859	0.99914	0.895218	0.895328	
0.03	0.03	2.74556e+07	7.43176e+09	2.3913e+06	4.02377e+06	0.872178	0.999678	0.919881	0.999459	0.919881	0.999141	0.895283	0.895394	
0.03	0.03	2.74728e+07	7.44175e+09	2.38797e+06	4.03913e+06	0.871822	0.999679	0.92003	0.999458	0.92003	0.99914	0.895173	0.895278	
0.03	0.03	2.74794e+07	7.41623e+09	2.51873e+06	3.89063e+06	0.875976	0.99966	0.916037	0.999476	0.916037	0.99914	0.895353	0.895559	
0.03	0.03	2.75031e+07	7.42144e+09	2.49947e+06	3.92318e+06	0.875163	0.999663	0.916691	0.999472	0.916691	0.999139	0.895256	0.895446	
0.03	0.03	2.74031e+07	7.43011e+09	2.38616e+06	4.01914e+06	0.872093	0.999679	0.919899	0.999459	0.919899	0.999142	0.895249	0.895358	
0.03	0.03	2.74842e+07	7.42244e+09	2.52501e+06	3.89615e+06	0.875841	0.99966	0.915859	0.999475	0.915859	0.999139	0.895196	0.895403	
0.03	0.03	2.75183e+07	7.42276e+09	2.53346e+06	3.89634e+06	0.875971	0.999659	0.915697	0.999475	0.915697	0.999138	0.895183	0.895393	
0.03	0.03	2.77431e+07	7.43971e+09	2.70702e+06	3.77743e+06	0.88016	0.999636	0.9111	0.999493	0.9111	0.999132	0.895062	0.895362	
0.03	0.03	2.75976e+07	7.41044e+09	2.70059e+06	3.76403e+06	0.87998	0.999636	0.910866	0.999492	0.910866	0.999132	0.894855	0.895157	
0.03	0.03	2.75306e+07	7.42336e+09	2.50658e+06	3.92174e+06	0.875312	0.999662	0.916551	0.999472	0.916551	0.999138	0.895263	0.895457	
0.03	0.03	2.74524e+07	7.41917e+09	2.3992e+06	4.0206e+06	0.872252	0.999677	0.919629	0.999458	0.919629	0.999139	0.895198	0.895314	
0.03	0.03	2.71405e+07	7.3425e+09	2.34592e+06	3.97856e+06	0.872151	0.999681	0.920441	0.999458	0.920441	0.999143	0.895543	0.895645	
0.03	0.03	2.75613e+07	7.42541e+09	2.5365e+06	3.8897e+06	0.876325	0.999659	0.915725	0.999476	0.915725	0.999139	0.895378	0.895592	
0.03	0.03	2.73703e+07	7.39062e+09	2.39107e+06	3.99577e+06	0.872609	0.999677	0.919659	0.99946	0.919659	0.99914	0.895396	0.895516	
0.03	0.03	2.74431e+07	7.44373e+09	2.35572e+06	4.07252e+06	0.870778	0.999684	0.920946	0.999453	0.920946	0.99914	0.895082	0.895159	
0.03	0.03	2.74491e+07	7.43407e+09	2.39385e+06	4.03146e+06	0.871938	0.999678	0.919785	0.999458	0.919785	0.99914	0.895113	0.895223	
0.03	0.03	2.74718e+07	7.41963e+09	2.43401e+06	3.99998e+06	0.872903	0.999672	0.918611	0.999461	0.918611	0.999137	0.895034	0.895174	
0.03	0.03	2.74748e+07	7.42855e+09	2.39037e+06	4.02904e+06	0.872109	0.999678	0.919961	0.999458	0.919961	0.99914	0.895287	0.895396	
0.03	0.03	2.7592e+07	7.41573e+09	2.54273e+06	3.88708e+06	0.876519	0.999657	0.915621	0.999476	0.915621	0.999137	0.895425	0.895643	
0.03	0.03	2.76387e+07	7.44793e+09	2.5365e+06	3.90778e+06	0.876126	0.99966	0.915941	0.999476	0.915941	0.999139	0.895382	0.895591	
0.03	0.03	2.7345e+07	7.40175e+09	2.37021e+06	4.01131e+06	0.872073	0.99968	0.920236	0.999458	0.920236	0.999142	0.895403	0.895507	
0.03	0.03	2.7411e+07	7.43388e+09	2.37987e+06	4.03024e+06	0.871817	0.99968	0.920114	0.999458	0.920114	0.999142	0.895212	0.895315	
0.03	0.03	2.74481e+07	7.43871e+09	2.35835e+06	4.0775e+06	0.870661	0.999683	0.920878	0.999452	0.920878	0.999139	0.894988	0.895065	
0.03	0.03	2.74187e+07	7.39361e+09	2.50637e+06	3.88873e+06	0.875789	0.999661	0.916245	0.999474	0.916245	0.999139	0.895359	0.895561	
0.03	0.03	2.74617e+07	7.43296e+09	2.40835e+06	4.01332e+06	0.872492	0.999676	0.919372	0.99946	0.919372	0.99914	0.895196	0.895319	
0.03	0.03	2.74568e+07	7.42967e+09	2.3714e+06	4.04866e+06	0.871493	0.999681	0.920498	0.999455	0.920498	0.99914	0.895232	0.895325	
0.03	0.03	2.74443e+07	7.42674e+09	2.41925e+06	4.01147e+06	0.872472	0.999674	0.91899	0.99946	0.91899	0.999138	0.894999	0.895127	
0.03	0.03	2.74146e+07	7.42363e+09	2.36113e+06	4.03655e+06	0.871657	0.999682	0.920703	0.999457	0.920703	0.999142	0.895416	0.895509	
0.03	0.03	2.76071e+07	7.44673e+09	2.51871e+06	3.92714e+06	0.875464	0.999662	0.916394	0.999473	0.916394	0.999138	0.895265	0.895461	
0.03	0.03	2.7369e+07	7.41145e+09	2.41398e+06	3.99769e+06	0.87255	0.999674	0.918948	0.999461	0.918948	0.999139	0.895019	0.895148	
0.03	0.03	2.75622e+07	7.41649e+09	2.51558e+06	3.91124e+06	0.875729	0.999661	0.916364	0.999473	0.916364	0.999137	0.895385	0.895586	
0.03	0.03	2.73648e+07	7.42181e+09	2.40997e+06	4.02281e+06	0.871835	0.999675	0.91906	0.999458	0.91906	0.999137	0.894705	0.894825	
0.03	0.03	2.76615e+07	7.43942e+09	2.62535e+06	3.8681e+06	0.877318	0.999647	0.913317	0.99948	0.913317	0.999131	0.894702	0.894956	
0.03	0.03	2.74357e+07	7.42821e+09	2.42559e+06	4.00909e+06	0.872504	0.999674	0.918771	0.999461	0.918771	0.999138	0.894908	0.89504	
0.03	0.03	2.75005e+07	7.44255e+09	2.41614e+06	4.03558e+06	0.872033	0.999675	0.919237	0.999458	0.919237	0.999137	0.894894	0.895013	
0.03	0.03	2.76196e+07	7.38872e+09	2.6777e+06	3.77878e+06	0.87965	0.999638	0.911619	0.999489	0.911619	0.99913	0.895057	0.89535	
0.03	0.03	2.75374e+07	7.43862e+09	2.48336e+06	3.95247e+06	0.874484	0.999666	0.917279	0.999469	0.917279	0.999139	0.895196	0.89537	
0.03	0.03	2.75302e+07	7.42141e+09	2.53923e+06	3.88997e+06	0.876195	0.999658	0.915555	0.999476	0.915555	0.999138	0.895228	0.895443	
0.03	0.03	2.76164e+07	7.44093e+09	2.62694e+06	3.86728e+06	0.877166	0.999647	0.91314	0.999481	0.91314	0.999131	0.894538	0.894791	
0.03	0.03	2.74539e+07	7.44067e+09	2.38645e+06	4.03648e+06	0.871819	0.999679	0.920026	0.999458	0.920026	0.999141	0.89517	0.895274	
0.03	0.03	2.74541e+07	7.44138e+09	2.3995e+06	4.05274e+06	0.87137	0.999678	0.919625	0.999456	0.919625	0.999137	0.894742	0.894847	
0.03	0.03	2.74735e+07	7.43223e+09	2.38906e+06	4.02426e+06	0.872237	0.999679	0.919998	0.999459	0.919998	0.999141	0.895371	0.895481	
0.03	0.03	2.7474e+07	7.43613e+09	2.39348e+06	4.02798e+06	0.872136	0.999678	0.919863	0.999459	0.919863	0.99914	0.895253	0.895364	
0.03	0.03	2.74554e+07	7.43686e+09	2.42415e+06	4.0168e+06	0.87237	0.999674	0.918869	0.99946	0.918869	0.999138	0.894888	0.895016	
0.03	0.03	2.75448e+07	7.41542e+09	2.53236e+06	3.88113e+06	0.876499	0.999659	0.915805	0.999477	0.915805	0.999139	0.895506	0.895721	
0.03	0.03	2.76753e+07	7.41536e+09	2.71321e+06	3.75583e+06	0.880506	0.999634	0.910716	0.999494	0.910716	0.999132	0.895049	0.895356	
0.03	0.03	2.74992e+07	7.422e+09	2.56113e+06	3.91588e+06	0.87535	0.999655	0.9148	0.999473	0.9148	0.999131	0.894424	0.894641	
0.03	0.03	2.76937e+07	7.42192e+09	2.7157e+06	3.76964e+06	0.88019	0.999634	0.910695	0.999492	0.910695	0.99913	0.894877	0.895183	
0.03	0.03	2.74396e+07	7.41932e+09	2.39277e+06	4.01474e+06	0.872363	0.999678	0.919793	0.999459	0.919793	0.99914	0.895335	0.89545	
0.03	0.03	2.74969e+07	7.43817e+09	2.39658e+06	4.03679e+06	0.871985	0.999678	0.919829	0.999458	0.919829	0.999139	0.895158	0.895268	
0.03	0.03	2.74878e+07	7.4421e+09	2.39756e+06	4.02886e+06	0.872167	0.999678	0.919775	0.999459	0.919775	0.99914	0.895226	0.895339	
0.03	0.03	2.77368e+07	7.43555e+09	2.72143e+06	3.76872e+06	0.880379	0.999634	0.91065	0.999493	0.91065	0.999131	0.894952	0.895259	
0.03	0.03	2.74055e+07	7.42766e+09	2.38217e+06	4.02037e+06	0.872068	0.999679	0.920028	0.999459	0.920028	0.999142	0.895299	0.895406	
0.03	0.03	2.73962e+07	7.42109e+09	2.36338e+06	4.03067e+06	0.871744	0.999682	0.920584	0.999457	0.920584	0.999142	0.895404	0.895499	
0.03	0.03	2.74523e+07	7.43249e+09	2.39639e+06	4.02488e+06	0.872134	0.999678	0.919715	0.999459	0.919715	0.99914	0.895179	0.895293	
0.03	0.03	2.74499e+07	7.4171e+09	2.40745e+06	4.01378e+06	0.872431	0.999676	0.919368	0.999459	0.919368	0.999138	0.895162	0.895285	
0.03	0.03	2.74879e+07	7.44159e+09	2.41312e+06	4.03402e+06	0.872025	0.999676	0.919296	0.999458	0.919296	0.999138	0.894918	0.895037	
0.03	0.03	2.75531e+07	7.43384e+09	2.53162e+06	3.90557e+06	0.875851	0.99966	0.91585	0.999475	0.91585	0.999138	0.895196	0.895404	
0.03	0.03	2.74828e+07	7.44248e+09	2.40168e+06	4.02244e+06	0.872325	0.999677	0.919634	0.99946	0.919634	0.999141	0.895239	0.895355	
0.03	0.03	2.74685e+07	7.436e+09	2.41415e+06	4.02249e+06	0.872265	0.999675	0.919212	0.999459	0.919212	0.999138	0.895001	0.895124	
0.03	0.03	2.74914e+07	7.43416e+09	2.38799e+06	4.03463e+06	0.872022	0.999679	0.920079	0.999458	0.920079	0.99914	0.895299	0.895406	
0.03	0.03	2.74251e+07	7.42239e+09	2.38391e+06	4.02329e+06	0.872067	0.999679	0.920027	0.999458	0.920027	0.999141	0.895297	0.895405	
0.03	0.03	2.7352e+07	7.39952e+09	2.40674e+06	4.00085e+06	0.872393	0.999675	0.919125	0.99946	0.919125	0.999138	0.895024	0.895149	
0.03	0.03	2.73345e+07	7.41236e+09	2.37906e+06	4.01465e+06	0.871937	0.999679	0.919934	0.999459	0.919934	0.999141	0.895186	0.895293	
0.03	0.03	2.74877e+07	7.43929e+09	2.39344e+06	4.03259e+06	0.872064	0.999678	0.919902	0.999458	0.919902	0.99914	0.895234	0.895344	
0.03	0.03	2.77032e+07	7.43523e+09	2.6783e+06	3.80328e+06	0.879286	0.99964	0.911844	0.999489	0.911844	0.999132	0.894983	0.895269	
0.03	0.03	2.74925e+07	7.42486e+09	2.48351e+06	3.94612e+06	0.874482	0.999666	0.91715	0.999469	0.91715	0.999138	0.895131	0.895308	
0.03	0.03	2.74497e+07	7.43065e+09	2.39786e+06	4.02435e+06	0.872138	0.999677	0.919663	0.999459	0.919663	0.99914	0.895156	0.89527	
0.03	0.03	2.7582e+07	7.43247e+09	2.5322e+06	3.90093e+06	0.876094	0.999659	0.915913	0.999475	0.915913	0.999138	0.895352	0.895561	
0.03	0.03	2.76067e+07	7.42523e+09	2.54096e+06	3.89339e+06	0.876401	0.999658	0.915716	0.999476	0.915716	0.999137	0.895412	0.895627	
0.03	0.03	2.76079e+07	7.40643e+09	2.69038e+06	3.75074e+06	0.880392	0.999637	0.911204	0.999494	0.911204	0.999134	0.895232	0.895533	
0.03	0.03	2.73809e+07	7.41328e+09	2.36914e+06	4.02928e+06	0.87172	0.999681	0.920365	0.999457	0.920365	0.999141	0.895284	0.895382	
0.03	0.03	2.74575e+07	7.41502e+09	2.39225e+06	4.02722e+06	0.87209	0.999677	0.919857	0.999457	0.919857	0.999138	0.895225	0.895337	
0.03	0.03	2.74061e+07	7.41094e+09	2.39224e+06	4.00988e+06	0.872362	0.999677	0.919719	0.999459	0.919719	0.99914	0.895299	0.895415	
0.03	0.03	2.7565e+07	7.42194e+09	2.62213e+06	3.84577e+06	0.877565	0.999647	0.913137	0.999482	0.913137	0.999133	0.894741	0.894998	
0.03	0.03	2.76707e+07	7.42864e+09	2.64062e+06	3.85974e+06	0.877587	0.999645	0.912883	0.999481	0.912883	0.999129	0.894625	0.894887	
0.03	0.03	2.7356e+07	7.41746e+09	2.36254e+06	4.03522e+06	0.871454	0.999682	0.920503	0.999456	0.920503	0.999141	0.895214	0.895307	
0.03	0.03	2.73986e+07	7.40827e+09	2.35273e+06	4.04011e+06	0.871492	0.999683	0.92092	0.999455	0.92092	0.999141	0.895437	0.895525	
0.03	0.03	2.74952e+07	7.43269e+09	2.39579e+06	4.0268e+06	0.872254	0.999678	0.919849	0.999459	0.919849	0.99914	0.895306	0.89542	
0.03	0.03	2.73835e+07	7.33976e+09	2.64788e+06	3.74314e+06	0.879745	0.999639	0.91183	0.99949	0.91183	0.999133	0.89521	0.8955	
0.03	0.03	2.75562e+07	7.41871e+09	2.52109e+06	3.89178e+06	0.876247	0.99966	0.91618	0.999476	0.91618	0.99914	0.895561	0.895769	
0.03	0.03	2.73517e+07	7.41905e+09	2.3816e+06	4.01339e+06	0.872043	0.999679	0.919901	0.999459	0.919901	0.999142	0.895224	0.895333	
0.03	0.03	2.74339e+07	7.41455e+09	2.51372e+06	3.90816e+06	0.875306	0.999661	0.916063	0.999473	0.916063	0.999138	0.895022	0.895221	
0.03	0.03	2.74724e+07	7.42562e+09	2.3994e+06	4.02185e+06	0.872299	0.999677	0.919677	0.999459	0.919677	0.999139	0.895245	0.895362	
0.03	0.03	2.7603e+07	7.43715e+09	2.58407e+06	3.91308e+06	0.875839	0.999653	0.914398	0.999474	0.914398	0.99913	0.894476	0.894703	
0.03	0.03	2.76614e+07	7.43221e+09	2.6471e+06	3.84401e+06	0.877989	0.999644	0.912661	0.999483	0.912661	0.999131	0.894722	0.894989	
0.03	0.03	2.75919e+07	7.44113e+09	2.53969e+06	3.90236e+06	0.876093	0.999659	0.915713	0.999476	0.915713	0.999138	0.895253	0.895465	
0.03	0.03	2.7457e+07	7.43908e+09	2.39855e+06	4.02341e+06	0.872193	0.999678	0.919661	0.999459	0.919661	0.999141	0.895184	0.895299	
0.03	0.03	2.74392e+07	7.36851e+09	2.52449e+06	3.86725e+06	0.876471	0.999658	0.915748	0.999475	0.915748	0.999137	0.895463	0.895679	
0.03	0.03	2.74499e+07	7.42772e+09	2.39318e+06	4.02734e+06	0.872055	0.999678	0.919808	0.999458	0.919808	0.99914	0.895184	0.895295	
0.03	0.03	2.74299e+07	7.43201e+09	2.41731e+06	4.01504e+06	0.872315	0.999675	0.919011	0.99946	0.919011	0.999138	0.894929	0.895054	
0.03	0.03	2.73095e+07	7.40289e+09	2.37843e+06	3.9891e+06	0.872547	0.999679	0.919886	0.999461	0.919886	0.999144	0.895477	0.895591	
0.03	0.03	2.74898e+07	7.43463e+09	2.4315e+06	4.01007e+06	0.872696	0.999673	0.918737	0.999461	0.918737	0.999138	0.89499	0.895125	
0.03	0.03	2.75129e+07	7.42033e+09	2.49715e+06	3.92388e+06	0.875182	0.999664	0.91679	0.999471	0.91679	0.999139	0.895314	0.895503	
0.03	0.03	2.77156e+07	7.42605e+09	2.70619e+06	3.77364e+06	0.880161	0.999636	0.911044	0.999492	0.911044	0.999131	0.895035	0.895337	
0.03	0.03	2.74554e+07	7.4054e+09	2.50782e+06	3.88916e+06	0.875922	0.999661	0.916303	0.999475	0.916303	0.99914	0.895456	0.895658	
0.03	0.03	2.74261e+07	7.42517e+09	2.40249e+06	4.0287e+06	0.871921	0.999677	0.919457	0.999458	0.919457	0.999138	0.894943	0.895058	
0.03	0.03	2.73786e+07	7.42475e+09	2.37236e+06	4.03486e+06	0.871556	0.999681	0.920259	0.999457	0.920259	0.999141	0.895148	0.895246	
0.03	0.03	2.74498e+07	7.43455e+09	2.4141e+06	4.0219e+06	0.872206	0.999675	0.919163	0.999459	0.919163	0.999138	0.894947	0.895069	
0.03	0.03	2.76226e+07	7.44537e+09	2.53424e+06	3.90994e+06	0.876003	0.99966	0.915965	0.999475	0.915965	0.999138	0.895331	0.895538	
0.03	0.03	2.73542e+07	7.39124e+09	2.3715e+06	4.02984e+06	0.871596	0.999679	0.920221	0.999455	0.920221	0.999138	0.895148	0.895248	
0.03	0.03	2.74656e+07	7.43992e+09	2.40514e+06	4.02262e+06	0.87225	0.999677	0.919482	0.99946	0.919482	0.99914	0.895125	0.895243	
0.03	0.03	2.74415e+07	7.43408e+09	2.36162e+06	4.06527e+06	0.870972	0.999682	0.920759	0.999453	0.920759	0.999139	0.89509	0.895174	
0.03	0.03	2.74117e+07	7.42729e+09	2.37549e+06	4.03237e+06	0.871761	0.99968	0.920251	0.999457	0.920251	0.999141	0.895249	0.89535	
0.03	0.03	2.75625e+07	7.43457e+09	2.52686e+06	3.89924e+06	0.876064	0.99966	0.916021	0.999476	0.916021	0.99914	0.89539	0.895597	
0.03	0.03	2.7296e+07	7.40875e+09	2.36607e+06	4.01557e+06	0.871755	0.999681	0.920232	0.999458	0.920232	0.999143	0.895238	0.895338	
0.03	0.03	2.75669e+07	7.41587e+09	2.52994e+06	3.89963e+06	0.876071	0.999659	0.91594	0.999474	0.91594	0.999137	0.895352	0.895562	
0.03	0.03	2.75296e+07	7.38663e+09	2.67259e+06	3.76922e+06	0.879573	0.999638	0.91151	0.99949	0.91151	0.999132	0.894965	0.895257	
0.03	0.03	2.73712e+07	7.40427e+09	2.36884e+06	4.02157e+06	0.871895	0.99968	0.920349	0.999457	0.920349	0.999141	0.895366	0.895467	
0.03	0.03	2.75533e+07	7.43726e+09	2.51371e+06	3.92466e+06	0.87532	0.999662	0.916396	0.999473	0.916396	0.999138	0.895192	0.895388	
0.03	0.03	2.74574e+07	7.43908e+09	2.40786e+06	4.01145e+06	0.872526	0.999676	0.919376	0.999461	0.919376	0.999141	0.895216	0.895339	
0.03	0.03	2.74219e+07	7.42787e+09	2.34676e+06	4.07859e+06	0.870523	0.999684	0.921166	0.999451	0.921166	0.999139	0.895057	0.895129	
0.03	0.03	2.74226e+07	7.44277e+09	2.34735e+06	4.08936e+06	0.870228	0.999685	0.92115	0.999451	0.92115	0.999139	0.894898	0.894966	
0.03	0.03	2.73902e+07	7.41987e+09	2.35989e+06	4.0392e+06	0.871483	0.999682	0.920676	0.999456	0.920676	0.999141	0.895314	0.895404	
0.03	0.03	2.74335e+07	7.43188e+09	2.42023e+06	4.01225e+06	0.872407	0.999674	0.91893	0.99946	0.91893	0.999138	0.894937	0.895065	
0.03	0.03	2.76141e+07	7.43463e+09	2.51461e+06	3.92483e+06	0.875556	0.999662	0.916538	0.999472	0.916538	0.999138	0.895382	0.895578	
0.03	0.03	2.74836e+07	7.43918e+09	2.39572e+06	4.02125e+06	0.872361	0.999678	0.91982	0.99946	0.91982	0.999141	0.895348	0.895462	
0.03	0.03	2.74822e+07	7.43647e+09	2.4126e+06	4.03191e+06	0.87206	0.999676	0.919297	0.999458	0.919297	0.999137	0.894937	0.895056	
0.03	0.03	2.74362e+07	7.43006e+09	2.37455e+06	4.03986e+06	0.871653	0.999681	0.920346	0.999457	0.920346	0.999141	0.89524	0.895338	
0.03	0.03	2.76287e+07	7.44195e+09	2.54198e+06	3.89859e+06	0.876343	0.999659	0.915747	0.999476	0.915747	0.999139	0.895397	0.895611	
0.03	0.03	2.74341e+07	7.43459e+09	2.37966e+06	4.03096e+06	0.871891	0.99968	0.920182	0.999458	0.920182	0.999142	0.895283	0.895386	
0.03	0.03	2.75672e+07	7.42883e+09	2.52058e+06	3.90083e+06	0.876038	0.999661	0.916226	0.999475	0.916226	0.99914	0.895477	0.895681	
0.03	0.03	2.74374e+07	7.43052e+09	2.39212e+06	4.05331e+06	0.871285	0.999678	0.919807	0.999455	0.919807	0.999137	0.894787	0.894889	
0.03	0.03	2.75202e+07	7.43034e+09	2.52785e+06	3.89595e+06	0.875989	0.99966	0.915873	0.999476	0.915873	0.999139	0.895279	0.895487	
0.03	0.03	2.74201e+07	7.41066e+09	2.36305e+06	4.05755e+06	0.871097	0.999681	0.920658	0.999453	0.920658	0.999138	0.895105	0.895192	
0.03	0.03	2.73927e+07	7.40751e+09	2.40055e+06	4.02327e+06	0.871936	0.999676	0.919427	0.999457	0.919427	0.999137	0.894936	0.895052	
0.03	0.03	2.75747e+07	7.43016e+09	2.52172e+06	3.90111e+06	0.87606	0.999661	0.916212	0.999475	0.916212	0.99914	0.895481	0.895686	
0.03	0.03	2.74553e+07	7.43174e+09	2.41523e+06	4.01707e+06	0.872362	0.999675	0.919144	0.99946	0.919144	0.999138	0.895017	0.895142	
0.03	0.03	2.75995e+07	7.43965e+09	2.52978e+06	3.91046e+06	0.875898	0.99966	0.916036	0.999475	0.916036	0.999138	0.895311	0.895517	
0.03	0.03	2.7286e+07	7.40804e+09	2.37161e+06	4.00034e+06	0.872138	0.99968	0.920034	0.99946	0.920034	0.999144	0.895339	0.895446	
0.03	0.03	2.7416e+07	7.42347e+09	2.48574e+06	3.94316e+06	0.874258	0.999665	0.91687	0.999469	0.91687	0.999138	0.89488	0.895057	
0.03	0.03	2.73987e+07	7.42706e+09	2.38681e+06	4.01266e+06	0.872254	0.999679	0.919867	0.99946	0.919867	0.999142	0.895316	0.895428	
0.03	0.03	2.74743e+07	7.4321e+09	2.39199e+06	4.0268e+06	0.872169	0.999678	0.91991	0.999458	0.91991	0.99914	0.895293	0.895404	
0.03	0.03	2.74124e+07	7.4246e+09	2.39386e+06	4.01518e+06	0.87224	0.999678	0.919686	0.999459	0.919686	0.999141	0.89522	0.895335	
0.03	0.03	2.73899e+07	7.40936e+09	2.38917e+06	4.01925e+06	0.872036	0.999678	0.91977	0.999458	0.91977	0.999139	0.895155	0.895267	
0.03	0.03	2.77001e+07	7.42863e+09	2.68402e+06	3.8002e+06	0.87936	0.999639	0.911664	0.999489	0.911664	0.999131	0.894931	0.89522	
0.03	0.03	2.74519e+07	7.4254e+09	2.39157e+06	4.02696e+06	0.872074	0.999678	0.919863	0.999458	0.919863	0.99914	0.895221	0.895331	
0.03	0.03	2.76589e+07	7.43367e+09	2.62988e+06	3.8666e+06	0.87735	0.999646	0.913173	0.99948	0.913173	0.99913	0.894647	0.894903	
0.03	0.03	2.75303e+07	7.42044e+09	2.52985e+06	3.89151e+06	0.876152	0.999659	0.91584	0.999476	0.91584	0.999139	0.895346	0.895557	
0.03	0.03	2.75885e+07	7.41449e+09	2.69805e+06	3.75049e+06	0.880325	0.999636	0.910916	0.999494	0.910916	0.999134	0.895056	0.895359	
0.03	0.03	2.74574e+07	7.43188e+09	2.38572e+06	4.02902e+06	0.872039	0.999679	0.920058	0.999458	0.920058	0.999141	0.895298	0.895405	
0.03	0.03	2.74329e+07	7.43212e+09	2.3651e+06	4.0736e+06	0.870706	0.999682	0.920629	0.999452	0.920629	0.999138	0.89489	0.894972	
0.03	0.03	2.75256e+07	7.42301e+09	2.51986e+06	3.9012e+06	0.875864	0.999661	0.916132	0.999475	0.916132	0.999139	0.895341	0.895545	
0.03	0.03	2.74066e+07	7.41876e+09	2.39302e+06	3.9991e+06	0.872663	0.999678	0.919696	0.999461	0.919696	0.999142	0.895443	0.895563	
0.03	0.03	2.75631e+07	7.43003e+09	2.52562e+06	3.91442e+06	0.875644	0.99966	0.916061	0.999473	0.916061	0.999137	0.895193	0.895397	
0.03	0.03	2.77062e+07	7.44084e+09	2.71051e+06	3.77659e+06	0.880043	0.999636	0.910887	0.999493	0.910887	0.999132	0.894898	0.895199	
0.03	0.03	2.74491e+07	7.43773e+09	2.42351e+06	4.01648e+06	0.872353	0.999674	0.918872	0.99946	0.918872	0.999138	0.89488	0.895008	
0.03	0.03	2.73834e+07	7.42353e+09	2.36375e+06	4.03939e+06	0.87145	0.999682	0.920538	0.999456	0.920538	0.999141	0.89523	0.895322	
0.03	0.03	2.74533e+07	7.44385e+09	2.36709e+06	4.05664e+06	0.871259	0.999682	0.920622	0.999455	0.920622	0.999141	0.895172	0.89526	
0.03	0.03	2.7431e+07	7.43483e+09	2.39909e+06	4.0174e+06	0.872254	0.999677	0.919575	0.99946	0.919575	0.999141	0.895173	0.89529	
0.03	0.03	2.77494e+07	7.43029e+09	2.71573e+06	3.76927e+06	0.880411	0.999635	0.910858	0.999493	0.910858	0.999131	0.89507	0.895376	
0.03	0.03	2.7401e+07	7.43082e+09	2.35571e+06	4.07079e+06	0.870652	0.999683	0.920834	0.999452	0.920834	0.999139	0.894963	0.89504	
0.03	0.03	2.76166e+07	7.43561e+09	2.53685e+06	3.89184e+06	0.876482	0.999659	0.915869	0.999477	0.915869	0.999139	0.895529	0.895743	
0.03	0.03	2.71453e+07	7.43519e+09	2.26949e+06	4.32337e+06	0.862613	0.999695	0.922845	0.999419	0.922845	0.999117	0.891782	0.891713	
0.03	0.03	2.74453e+07	7.42835e+09	2.39358e+06	4.01864e+06	0.872278	0.999678	0.919783	0.999459	0.919783	0.999141	0.895287	0.895401	
0.03	0.03	2.7175e+07	7.41299e+09	2.37638e+06	4.03156e+06	0.87081	0.99968	0.919585	0.999456	0.919585	0.999139	0.894436	0.894533	
0.03	0.03	2.74309e+07	7.428e+09	2.36535e+06	4.03866e+06	0.871664	0.999682	0.920616	0.999457	0.920616	0.999142	0.895378	0.895472	
0.03	0.03	2.76839e+07	7.43744e+09	2.7205e+06	3.7677e+06	0.880207	0.999634	0.910523	0.999494	0.910523	0.999132	0.894802	0.895108	
0.03	0.03	2.74656e+07	7.43319e+09	2.40362e+06	4.02804e+06	0.8721	0.999677	0.919529	0.999458	0.919529	0.999139	0.895071	0.895187	
0.03	0.03	2.73372e+07	7.40819e+09	2.39376e+06	4.01639e+06	0.8719	0.999677	0.919486	0.999458	0.919486	0.999139	0.894947	0.895061	
0.03	0.03	2.74016e+07	7.41006e+09	2.41269e+06	4.01275e+06	0.872264	0.999675	0.919076	0.999459	0.919076	0.999137	0.894933	0.895058	
0.03	0.03	2.74755e+07	7.43161e+09	2.38426e+06	4.03579e+06	0.871925	0.999679	0.920151	0.999457	0.920151	0.99914	0.895285	0.895389	
0.03	0.03	2.73605e+07	7.42587e+09	2.3546e+06	4.05643e+06	0.870884	0.999683	0.920761	0.999454	0.920761	0.999141	0.895047	0.895128	
0.03	0.03	2.74652e+07	7.4288e+09	2.37372e+06	4.0502e+06	0.871485	0.999681	0.920449	0.999455	0.920449	0.999139	0.895203	0.895298	
0.03	0.03	2.73794e+07	7.41289e+09	2.40222e+06	4.02185e+06	0.871921	0.999676	0.919339	0.999458	0.919339	0.999137	0.894886	0.895002	
0.03	0.03	2.73962e+07	7.42632e+09	2.37899e+06	4.0292e+06	0.871785	0.99968	0.920102	0.999458	0.920102	0.999141	0.895189	0.895292	
0.03	0.03	2.7271e+07	7.39525e+09	2.37367e+06	3.99303e+06	0.87228	0.999679	0.919929	0.99946	0.919929	0.999143	0.89536	0.895471	
0.03	0.03	2.74555e+07	7.42772e+09	2.3949e+06	4.02305e+06	0.872197	0.999678	0.91977	0.999459	0.91977	0.99914	0.895239	0.895352	
0.03	0.03	2.73945e+07	7.41668e+09	2.35318e+06	4.0542e+06	0.871085	0.999683	0.920895	0.999454	0.920895	0.99914	0.895215	0.895298	
0.03	0.03	2.75329e+07	7.4197e+09	2.53564e+06	3.89028e+06	0.876197	0.999658	0.915671	0.999476	0.915671	0.999138	0.895286	0.8955	
0.03	0.03	2.75784e+07	7.43466e+09	2.52963e+06	3.9096e+06	0.875839	0.99966	0.915982	0.999474	0.915982	0.999138	0.895254	0.89546	
0.03	0.03	2.75915e+07	7.43954e+09	2.53865e+06	3.89996e+06	0.876158	0.999659	0.915744	0.999476	0.915744	0.999138	0.895302	0.895514	
0.03	0.03	2.75657e+07	7.41478e+09	2.51622e+06	3.91538e+06	0.875627	0.999661	0.916354	0.999472	0.916354	0.999137	0.895328	0.895528	
0.03	0.03	2.74495e+07	7.43357e+09	2.36169e+06	4.07516e+06	0.870731	0.999682	0.920778	0.999452	0.920778	0.999138	0.894975	0.895056	
0.03	0.03	2.74921e+07	7.44136e+09	2.40312e+06	4.02232e+06	0.872366	0.999677	0.919615	0.99946	0.919615	0.99914	0.89525	0.895368	
0.03	0.03	2.76184e+07	7.43511e+09	2.53213e+06	3.90495e+06	0.876125	0.99966	0.916017	0.999475	0.916017	0.999138	0.895418	0.895627	
0.03	0.03	2.74439e+07	7.42735e+09	2.41533e+06	4.01603e+06	0.872345	0.999675	0.919109	0.99946	0.919109	0.999138	0.894992	0.895117	
0.03	0.03	2.72527e+07	7.35874e+09	2.40396e+06	3.97241e+06	0.872781	0.999673	0.91894	0.99946	0.91894	0.999137	0.895133	0.895266	
0.03	0.03	2.74703e+07	7.43161e+09	2.37228e+06	4.0498e+06	0.871517	0.999681	0.920507	0.999455	0.920507	0.99914	0.895248	0.895342	
0.03	0.03	2.7557e+07	7.427e+09	2.52983e+06	3.90029e+06	0.876013	0.999659	0.915916	0.999475	0.915916	0.999138	0.895312	0.89552	
0.03	0.03	2.74359e+07	7.43019e+09	2.38118e+06	4.03257e+06	0.871853	0.99968	0.92014	0.999458	0.92014	0.999141	0.895243	0.895346	
0.03	0.03	2.74408e+07	7.43447e+09	2.39226e+06	4.00887e+06	0.87253	0.999678	0.919812	0.999461	0.919812	0.999143	0.895432	0.895547	
0.03	0.03	2.74763e+07	7.44407e+09	2.39561e+06	4.02978e+06	0.872095	0.999678	0.919804	0.999459	0.919804	0.999141	0.895203	0.895314	
0.03	0.03	2.75982e+07	7.41023e+09	2.53798e+06	3.89541e+06	0.876311	0.999658	0.915783	0.999475	0.915783	0.999136	0.895398	0.895612	
0.03	0.03	2.76112e+07	7.41775e+09	2.68601e+06	3.77718e+06	0.879663	0.999638	0.911345	0.999491	0.911345	0.999133	0.89493	0.895224	
0.03	0.03	2.74591e+07	7.42844e+09	2.38533e+06	4.03999e+06	0.871742	0.999679	0.920075	0.999456	0.920075	0.999139	0.895153	0.895257	
0.03	0.03	2.73893e+07	7.42999e+09	2.35825e+06	4.05917e+06	0.870926	0.999683	0.920724	0.999454	0.920724	0.99914	0.895051	0.895133	
0.03	0.03	2.73722e+07	7.42647e+09	2.38408e+06	4.02814e+06	0.871717	0.999679	0.91988	0.999458	0.91988	0.99914	0.895046	0.895151	
0.03	0.03	2.74721e+07	7.43661e+09	2.42309e+06	4.0113e+06	0.87259	0.999674	0.918947	0.999461	0.918947	0.999139	0.895039	0.895169	
0.03	0.03	2.74385e+07	7.42688e+09	2.37551e+06	4.0435e+06	0.871562	0.99968	0.920322	0.999456	0.920322	0.99914	0.895181	0.895279	
0.03	0.03	2.74307e+07	7.43019e+09	2.37704e+06	4.0398e+06	0.871632	0.99968	0.920255	0.999457	0.920255	0.99914	0.895185	0.895284	
0.03	0.03	2.74085e+07	7.43547e+09	2.38283e+06	4.03278e+06	0.871736	0.99968	0.920016	0.999458	0.920016	0.999141	0.895122	0.895226	
0.03	0.03	2.7469e+07	7.43795e+09	2.41275e+06	4.03036e+06	0.872049	0.999676	0.919257	0.999458	0.919257	0.999138	0.894912	0.895031	
0.03	0.03	2.74751e+07	7.42915e+09	2.40278e+06	4.03633e+06	0.871909	0.999677	0.91958	0.999457	0.91958	0.999137	0.894997	0.89511	
0.03	0.03	2.74864e+07	7.42901e+09	2.40652e+06	4.03674e+06	0.871944	0.999676	0.919495	0.999457	0.919495	0.999137	0.894973	0.895089	
