iter	label	cutoff	numotus	tp	tn	fp	fn	sensitivity	specificity	ppv	npv	fdr	accuracy	mcc	f1score
1	0.03	0.03	278	382	94341	10	97	0.7975	0.9999	0.9745	0.999	0.9745	0.9989	0.881	0.8772
1	0.03	0.03	313	847	179144	56	253	0.77	0.9997	0.938	0.9986	0.938	0.9983	0.849	0.8457
1	0.03	0.03	283	387	113943	21	130	0.7485	0.9998	0.9485	0.9989	0.9485	0.9987	0.842	0.8368
1	0.03	0.03	336	424	143847	19	163	0.7223	0.9999	0.9571	0.9989	0.9571	0.9987	0.8309	0.8233
1	0.03	0.03	146	74	19390	4	35	0.6789	0.9998	0.9487	0.9982	0.9487	0.998	0.8017	0.7914
1	0.03	0.03	275	663	139162	57	303	0.6863	0.9996	0.9208	0.9978	0.9208	0.9974	0.7938	0.7865
1	0.03	0.03	252	288	81414	21	87	0.768	0.9997	0.932	0.9989	0.932	0.9987	0.8454	0.8421
1	0.03	0.03	200	130	38607	3	41	0.7602	0.9999	0.9774	0.9989	0.9774	0.9989	0.8615	0.8553
1	0.03	0.03	324	253	107490	3	134	0.6537	1	0.9883	0.9988	0.9883	0.9987	0.8033	0.7869
1	0.03	0.03	191	63	27873	1	29	0.6848	1	0.9844	0.999	0.9844	0.9989	0.8206	0.8077
1	0.03	0.03	137	69	16017	0	24	0.7419	1	1	0.9985	1	0.9985	0.8607	0.8519
1	0.03	0.03	254	811	122174	43	228	0.7806	0.9996	0.9496	0.9981	0.9496	0.9978	0.8599	0.8568
1	0.03	0.03	259	193	67225	6	104	0.6498	0.9999	0.9698	0.9985	0.9698	0.9984	0.7932	0.7782
1	0.03	0.03	325	370	121221	15	165	0.6916	0.9999	0.961	0.9986	0.961	0.9985	0.8146	0.8043
1	0.03	0.03	335	479	162602	29	196	0.7096	0.9998	0.9429	0.9988	0.9429	0.9986	0.8174	0.8098
1	0.03	0.03	231	94	42932	2	43	0.6861	1	0.9792	0.999	0.9792	0.999	0.8192	0.8069
1	0.03	0.03	266	422	102208	22	179	0.7022	0.9998	0.9505	0.9983	0.9505	0.998	0.8161	0.8077
1	0.03	0.03	265	506	106702	21	187	0.7302	0.9998	0.9602	0.9983	0.9602	0.9981	0.8364	0.8295
1	0.03	0.03	419	511	227420	22	197	0.7218	0.9999	0.9587	0.9991	0.9587	0.999	0.8314	0.8235
1	0.03	0.03	199	76	30755	1	44	0.6333	1	0.987	0.9986	0.987	0.9985	0.79	0.7716
1	0.03	0.03	107	70	10341	2	27	0.7216	0.9998	0.9722	0.9974	0.9722	0.9972	0.8364	0.8284
1	0.03	0.03	205	40	27883	0	43	0.4819	1	1	0.9985	1	0.9985	0.6937	0.6504
1	0.03	0.03	252	97	51523	5	56	0.634	0.9999	0.951	0.9989	0.951	0.9988	0.776	0.7608
1	0.03	0.03	196	198	46353	4	110	0.6429	0.9999	0.9802	0.9976	0.9802	0.9976	0.7928	0.7765
1	0.03	0.03	184	117	30714	4	41	0.7405	0.9999	0.9669	0.9987	0.9669	0.9985	0.8455	0.8387
1	0.03	0.03	226	359	68530	11	106	0.772	0.9998	0.9703	0.9985	0.9703	0.9983	0.8647	0.8599
1	0.03	0.03	96	604	13520	34	38	0.9408	0.9975	0.9467	0.9972	0.9467	0.9949	0.9411	0.9437
1	0.03	0.03	269	163	62980	3	44	0.7874	1	0.9819	0.9993	0.9819	0.9993	0.879	0.874
1	0.03	0.03	289	298	91799	4	134	0.6898	1	0.9868	0.9985	0.9868	0.9985	0.8244	0.812
1	0.03	0.03	233	792	81634	51	144	0.8462	0.9994	0.9395	0.9982	0.9395	0.9976	0.8904	0.8904
1	0.03	0.03	162	94	25267	0	64	0.5949	1	1	0.9975	1	0.9975	0.7703	0.746
1	0.03	0.03	153	148	25203	7	67	0.6884	0.9997	0.9548	0.9973	0.9548	0.9971	0.8094	0.8
1	0.03	0.03	139	49	15852	2	28	0.6364	0.9999	0.9608	0.9982	0.9608	0.9981	0.7811	0.7656
1	0.03	0.03	165	72	23313	3	48	0.6	0.9999	0.96	0.9979	0.96	0.9978	0.7581	0.7385
1	0.03	0.03	232	375	69595	22	133	0.7382	0.9997	0.9446	0.9981	0.9446	0.9978	0.834	0.8287
1	0.03	0.03	128	72	13251	6	37	0.6606	0.9995	0.9231	0.9972	0.9231	0.9968	0.7794	0.7701
1	0.03	0.03	246	439	84019	18	190	0.6979	0.9998	0.9606	0.9977	0.9606	0.9975	0.8177	0.8085
1	0.03	0.03	165	243	33848	14	86	0.7386	0.9996	0.9455	0.9975	0.9455	0.9971	0.8343	0.8294
1	0.03	0.03	182	95	28059	2	47	0.669	0.9999	0.9794	0.9983	0.9794	0.9983	0.8087	0.795
1	0.03	0.03	369	457	162110	4	164	0.7359	1	0.9913	0.999	0.9913	0.999	0.8537	0.8447
1	0.03	0.03	158	92	21395	0	41	0.6917	1	1	0.9981	1	0.9981	0.8309	0.8178
1	0.03	0.03	317	193	87690	2	105	0.6477	1	0.9897	0.9988	0.9897	0.9988	0.8001	0.783
1	0.03	0.03	110	37	9128	0	15	0.7115	1	1	0.9984	1	0.9984	0.8428	0.8315
1	0.03	0.03	261	228	67196	7	97	0.7015	0.9999	0.9702	0.9986	0.9702	0.9985	0.8243	0.8143
1	0.03	0.03	232	714	112650	27	135	0.841	0.9998	0.9636	0.9988	0.9636	0.9986	0.8995	0.8981
1	0.03	0.03	219	118	40574	2	61	0.6592	1	0.9833	0.9985	0.9833	0.9985	0.8045	0.7893
1	0.03	0.03	258	306	81397	10	97	0.7593	0.9999	0.9684	0.9988	0.9684	0.9987	0.8569	0.8512
1	0.03	0.03	116	95	14551	5	55	0.6333	0.9997	0.95	0.9962	0.95	0.9959	0.7739	0.76
1	0.03	0.03	350	624	175912	20	159	0.7969	0.9999	0.9689	0.9991	0.9689	0.999	0.8783	0.8746
1	0.03	0.03	255	838	119298	41	118	0.8766	0.9997	0.9534	0.999	0.9534	0.9987	0.9135	0.9134
1	0.03	0.03	205	219	49472	3	76	0.7424	0.9999	0.9865	0.9985	0.9865	0.9984	0.8551	0.8472
1	0.03	0.03	239	583	98463	22	167	0.7773	0.9998	0.9636	0.9983	0.9636	0.9981	0.8646	0.8605
1	0.03	0.03	159	78	21200	0	43	0.6446	1	1	0.998	1	0.998	0.8021	0.7839
1	0.03	0.03	192	62	27385	0	48	0.5636	1	1	0.9983	1	0.9983	0.7501	0.7209
1	0.03	0.03	356	508	164333	22	162	0.7582	0.9999	0.9585	0.999	0.9585	0.9989	0.852	0.8467
1	0.03	0.03	148	177	25624	8	69	0.7195	0.9997	0.9568	0.9973	0.9568	0.997	0.8284	0.8213
1	0.03	0.03	327	279	113576	23	125	0.6906	0.9998	0.9238	0.9989	0.9238	0.9987	0.7982	0.7904
1	0.03	0.03	152	139	23898	5	48	0.7433	0.9998	0.9653	0.998	0.9653	0.9978	0.8461	0.8399
1	0.03	0.03	214	119	40588	2	46	0.7212	1	0.9835	0.9989	0.9835	0.9988	0.8417	0.8322
1	0.03	0.03	317	397	131817	7	134	0.7476	0.9999	0.9827	0.999	0.9827	0.9989	0.8567	0.8492
1	0.03	0.03	214	54	32534	0	52	0.5094	1	1	0.9984	1	0.9984	0.7132	0.675
1	0.03	0.03	303	509	136309	31	177	0.742	0.9998	0.9426	0.9987	0.9426	0.9985	0.8356	0.8303
1	0.03	0.03	274	181	74418	7	85	0.6805	0.9999	0.9628	0.9989	0.9628	0.9988	0.8089	0.7974
1	0.03	0.03	309	144	82416	2	59	0.7094	1	0.9863	0.9993	0.9863	0.9993	0.8361	0.8252
1	0.03	0.03	178	64	21867	0	14	0.8205	1	1	0.9994	1	0.9994	0.9055	0.9014
1	0.03	0.03	215	65	36203	1	46	0.5856	1	0.9848	0.9987	0.9848	0.9987	0.7589	0.7345
1	0.03	0.03	275	95	58502	1	55	0.6333	1	0.9896	0.9991	0.9896	0.999	0.7913	0.7724
1	0.03	0.03	190	145	40555	6	49	0.7474	0.9999	0.9603	0.9988	0.9603	0.9987	0.8466	0.8406
1	0.03	0.03	229	200	56345	6	65	0.7547	0.9999	0.9709	0.9988	0.9709	0.9987	0.8554	0.8493
1	0.03	0.03	164	125	28015	6	57	0.6868	0.9998	0.9542	0.998	0.9542	0.9978	0.8086	0.7987
1	0.03	0.03	206	700	91706	59	200	0.7778	0.9994	0.9223	0.9978	0.9223	0.9972	0.8456	0.8439
1	0.03	0.03	200	145	41107	1	75	0.6591	1	0.9932	0.9982	0.9932	0.9982	0.8083	0.7923
1	0.03	0.03	222	164	48601	2	61	0.7289	1	0.988	0.9987	0.988	0.9987	0.848	0.8389
1	0.03	0.03	341	676	164153	34	162	0.8067	0.9998	0.9521	0.999	0.9521	0.9988	0.8758	0.8734
1	0.03	0.03	363	844	221582	46	306	0.7339	0.9998	0.9483	0.9986	0.9483	0.9984	0.8335	0.8275
1	0.03	0.03	238	125	49584	5	56	0.6906	0.9999	0.9615	0.9989	0.9615	0.9988	0.8144	0.8039
1	0.03	0.03	239	401	74569	35	73	0.846	0.9995	0.9197	0.999	0.9197	0.9986	0.8814	0.8813
1	0.03	0.03	174	97	27107	5	52	0.651	0.9998	0.951	0.9981	0.951	0.9979	0.7859	0.7729
1	0.03	0.03	320	448	127667	16	140	0.7619	0.9999	0.9655	0.9989	0.9655	0.9988	0.8571	0.8517
1	0.03	0.03	123	262	23971	5	72	0.7844	0.9998	0.9813	0.997	0.9813	0.9968	0.8759	0.8719
1	0.03	0.03	278	324	76985	13	99	0.766	0.9998	0.9614	0.9987	0.9614	0.9986	0.8575	0.8526
1	0.03	0.03	141	74	18034	2	35	0.6789	0.9999	0.9737	0.9981	0.9737	0.998	0.8122	0.8
1	0.03	0.03	244	706	103295	37	158	0.8171	0.9996	0.9502	0.9985	0.9502	0.9981	0.8803	0.8787
1	0.03	0.03	198	73	29792	0	25	0.7449	1	1	0.9992	1	0.9992	0.8627	0.8538
1	0.03	0.03	286	204	77145	2	70	0.7445	1	0.9903	0.9991	0.9903	0.9991	0.8583	0.85
1	0.03	0.03	201	143	36398	1	43	0.7688	1	0.9931	0.9988	0.9931	0.9988	0.8732	0.8667
1	0.03	0.03	234	597	99652	20	307	0.6604	0.9998	0.9676	0.9969	0.9676	0.9967	0.798	0.785
1	0.03	0.03	321	157	89438	12	69	0.6947	0.9999	0.929	0.9992	0.929	0.9991	0.8029	0.7949
1	0.03	0.03	252	573	113227	22	181	0.7599	0.9998	0.963	0.9984	0.963	0.9982	0.8547	0.8495
1	0.03	0.03	231	254	56951	8	78	0.7651	0.9999	0.9695	0.9986	0.9695	0.9985	0.8605	0.8552
1	0.03	0.03	278	201	75965	3	76	0.7256	1	0.9853	0.999	0.9853	0.999	0.8451	0.8358
1	0.03	0.03	287	501	122911	20	321	0.6095	0.9998	0.9616	0.9974	0.9616	0.9972	0.7644	0.7461
1	0.03	0.03	189	202	37661	1	86	0.7014	1	0.9951	0.9977	0.9951	0.9977	0.8345	0.8228
1	0.03	0.03	281	133	68064	3	65	0.6717	1	0.9779	0.999	0.9779	0.999	0.8101	0.7964
1	0.03	0.03	278	683	125326	32	212	0.7631	0.9997	0.9552	0.9983	0.9552	0.9981	0.8529	0.8484
1	0.03	0.03	168	206	33888	11	86	0.7055	0.9997	0.9493	0.9975	0.9493	0.9972	0.8171	0.8094
1	0.03	0.03	137	162	19679	5	54	0.75	0.9997	0.9701	0.9973	0.9701	0.997	0.8516	0.846
1	0.03	0.03	271	243	83052	9	132	0.648	0.9999	0.9643	0.9984	0.9643	0.9983	0.7898	0.7751
1	0.03	0.03	171	81	23103	2	34	0.7043	0.9999	0.9759	0.9985	0.9759	0.9984	0.8284	0.8182
1	0.03	0.03	153	58	17686	1	21	0.7342	0.9999	0.9831	0.9988	0.9831	0.9988	0.849	0.8406
1	0.03	0.03	135	60	15479	0	37	0.6186	1	1	0.9976	1	0.9976	0.7855	0.7643
1	0.03	0.03	142	59	15839	0	33	0.6413	1	1	0.9979	1	0.9979	0.8	0.7815
1	0.03	0.03	202	83	31986	2	60	0.5804	0.9999	0.9765	0.9981	0.9765	0.9981	0.7521	0.7281
1	0.03	0.03	202	118	38868	0	74	0.6146	1	1	0.9981	1	0.9981	0.7832	0.7613
1	0.03	0.03	299	551	122518	18	169	0.7653	0.9999	0.9684	0.9986	0.9684	0.9985	0.8602	0.8549
1	0.03	0.03	272	528	113238	39	198	0.7273	0.9997	0.9312	0.9983	0.9312	0.9979	0.822	0.8167
1	0.03	0.03	280	120	64431	8	61	0.663	0.9999	0.9375	0.9991	0.9375	0.9989	0.7879	0.7767
1	0.03	0.03	225	56	37301	0	44	0.56	1	1	0.9988	1	0.9988	0.7479	0.7179
1	0.03	0.03	203	113	37230	4	54	0.6766	0.9999	0.9658	0.9986	0.9658	0.9984	0.8077	0.7958
1	0.03	0.03	325	133	88202	2	73	0.6456	1	0.9852	0.9992	0.9852	0.9992	0.7972	0.7801
1	0.03	0.03	210	166	46115	5	74	0.6917	0.9999	0.9708	0.9984	0.9708	0.9983	0.8187	0.8078
1	0.03	0.03	173	86	26647	2	61	0.585	0.9999	0.9773	0.9977	0.9773	0.9976	0.7552	0.7319
1	0.03	0.03	174	100	27325	6	64	0.6098	0.9998	0.9434	0.9977	0.9434	0.9975	0.7574	0.7407
1	0.03	0.03	297	760	121341	21	143	0.8416	0.9998	0.9731	0.9988	0.9731	0.9987	0.9044	0.9026
1	0.03	0.03	203	153	41941	4	97	0.612	0.9999	0.9745	0.9977	0.9745	0.9976	0.7713	0.7518
1	0.03	0.03	270	78	53810	2	66	0.5417	1	0.975	0.9988	0.975	0.9987	0.7262	0.6964
1	0.03	0.03	149	112	20164	2	23	0.8296	0.9999	0.9825	0.9989	0.9825	0.9988	0.9022	0.8996
1	0.03	0.03	230	196	56613	10	134	0.5939	0.9998	0.9515	0.9976	0.9515	0.9975	0.7507	0.7313
1	0.03	0.03	152	51	17475	0	52	0.4951	1	1	0.997	1	0.997	0.7026	0.6623
1	0.03	0.03	132	106	19142	3	55	0.6584	0.9998	0.9725	0.9971	0.9725	0.997	0.7989	0.7852
1	0.03	0.03	238	581	93612	39	163	0.7809	0.9996	0.9371	0.9983	0.9371	0.9979	0.8544	0.8519
1	0.03	0.03	191	374	57452	17	127	0.7465	0.9997	0.9565	0.9978	0.9565	0.9975	0.8439	0.8386
1	0.03	0.03	226	113	44081	2	57	0.6647	1	0.9826	0.9987	0.9826	0.9987	0.8076	0.793
1	0.03	0.03	172	253	39813	4	116	0.6856	0.9999	0.9844	0.9971	0.9844	0.997	0.8203	0.8083
1	0.03	0.03	273	224	78706	5	68	0.7671	0.9999	0.9782	0.9991	0.9782	0.9991	0.8658	0.8599
1	0.03	0.03	188	206	39300	4	111	0.6498	0.9999	0.981	0.9972	0.981	0.9971	0.7972	0.7818
1	0.03	0.03	323	214	102492	10	115	0.6505	0.9999	0.9554	0.9989	0.9554	0.9988	0.7878	0.774
1	0.03	0.03	228	75	39787	5	36	0.6757	0.9999	0.9375	0.9991	0.9375	0.999	0.7954	0.7853
1	0.03	0.03	327	345	123316	5	87	0.7986	1	0.9857	0.9993	0.9857	0.9993	0.8869	0.8824
1	0.03	0.03	128	105	16474	4	70	0.6	0.9998	0.9633	0.9958	0.9633	0.9956	0.7584	0.7394
1	0.03	0.03	186	98	30959	3	65	0.6012	0.9999	0.9703	0.9979	0.9703	0.9978	0.7629	0.7424
1	0.03	0.03	234	233	62860	6	91	0.7191	0.9999	0.9749	0.9986	0.9749	0.9985	0.8366	0.8277
1	0.03	0.03	212	106	38624	0	51	0.6752	1	1	0.9987	1	0.9987	0.8211	0.8061
1	0.03	0.03	233	368	72317	16	70	0.8402	0.9998	0.9583	0.999	0.9583	0.9988	0.8967	0.8954
1	0.03	0.03	167	70	22893	0	42	0.625	1	1	0.9982	1	0.9982	0.7898	0.7692
1	0.03	0.03	237	204	64650	7	119	0.6316	0.9999	0.9668	0.9982	0.9668	0.9981	0.7806	0.764
1	0.03	0.03	259	269	72743	6	135	0.6658	0.9999	0.9782	0.9981	0.9782	0.9981	0.8062	0.7923
1	0.03	0.03	195	276	52600	9	90	0.7541	0.9998	0.9684	0.9983	0.9684	0.9981	0.8537	0.8479
1	0.03	0.03	304	178	82345	4	94	0.6544	1	0.978	0.9989	0.978	0.9988	0.7995	0.7841
1	0.03	0.03	189	146	38545	9	81	0.6432	0.9998	0.9419	0.9979	0.9419	0.9977	0.7773	0.7644
1	0.03	0.03	287	168	73674	1	77	0.6857	1	0.9941	0.999	0.9941	0.9989	0.8252	0.8116
1	0.03	0.03	331	241	112215	11	108	0.6905	0.9999	0.9563	0.999	0.9563	0.9989	0.8122	0.802
1	0.03	0.03	298	275	100202	16	83	0.7682	0.9998	0.945	0.9992	0.945	0.999	0.8515	0.8475
1	0.03	0.03	328	129	89887	3	81	0.6143	1	0.9773	0.9991	0.9773	0.9991	0.7744	0.7544
1	0.03	0.03	213	344	57166	28	92	0.789	0.9995	0.9247	0.9984	0.9247	0.9979	0.8532	0.8515
1	0.03	0.03	361	211	125444	14	82	0.7201	0.9999	0.9378	0.9993	0.9378	0.9992	0.8214	0.8147
1	0.03	0.03	163	92	23948	3	47	0.6619	0.9999	0.9684	0.998	0.9684	0.9979	0.7997	0.7863
1	0.03	0.03	204	192	50142	5	64	0.75	0.9999	0.9746	0.9987	0.9746	0.9986	0.8543	0.8477
1	0.03	0.03	219	64	33315	0	32	0.6667	1	1	0.999	1	0.999	0.8161	0.8
1	0.03	0.03	149	81	20163	2	55	0.5956	0.9999	0.9759	0.9973	0.9759	0.9972	0.7613	0.7397
1	0.03	0.03	213	413	69087	23	228	0.6443	0.9997	0.9472	0.9967	0.9472	0.9964	0.7797	0.7669
1	0.03	0.03	193	247	50015	9	132	0.6517	0.9998	0.9648	0.9974	0.9648	0.9972	0.7918	0.778
1	0.03	0.03	274	335	87482	9	164	0.6713	0.9999	0.9738	0.9981	0.9738	0.998	0.8077	0.7948
1	0.03	0.03	240	103	49301	2	49	0.6776	1	0.981	0.999	0.981	0.999	0.8149	0.8016
1	0.03	0.03	217	58	34074	0	59	0.4957	1	1	0.9983	1	0.9983	0.7035	0.6629
1	0.03	0.03	201	136	36662	4	54	0.7158	0.9999	0.9714	0.9985	0.9714	0.9984	0.8332	0.8242
1	0.03	0.03	136	78	15469	1	28	0.7358	0.9999	0.9873	0.9982	0.9873	0.9981	0.8516	0.8432
1	0.03	0.03	234	161	50823	3	53	0.7523	0.9999	0.9817	0.999	0.9817	0.9989	0.8589	0.8519
1	0.03	0.03	194	91	33002	3	57	0.6149	0.9999	0.9681	0.9983	0.9681	0.9982	0.7708	0.7521
1	0.03	0.03	172	49	22286	2	29	0.6282	0.9999	0.9608	0.9987	0.9608	0.9986	0.7763	0.7597
1	0.03	0.03	229	148	49871	6	61	0.7081	0.9999	0.961	0.9988	0.961	0.9987	0.8244	0.8154
1	0.03	0.03	139	35	13628	0	32	0.5224	1	1	0.9977	1	0.9977	0.7219	0.6863
1	0.03	0.03	290	169	81546	4	91	0.65	1	0.9769	0.9989	0.9769	0.9988	0.7964	0.7806
1	0.03	0.03	287	273	87121	12	165	0.6233	0.9999	0.9579	0.9981	0.9579	0.998	0.7718	0.7552
1	0.03	0.03	184	67	27613	2	48	0.5826	0.9999	0.971	0.9983	0.971	0.9982	0.7514	0.7283
1	0.03	0.03	161	105	23514	3	31	0.7721	0.9999	0.9722	0.9987	0.9722	0.9986	0.8657	0.8607
1	0.03	0.03	271	149	64778	3	50	0.7487	1	0.9803	0.9992	0.9803	0.9992	0.8564	0.849
1	0.03	0.03	161	172	27513	2	43	0.8	0.9999	0.9885	0.9984	0.9885	0.9984	0.8885	0.8843
1	0.03	0.03	194	106	32982	2	63	0.6272	0.9999	0.9815	0.9981	0.9815	0.998	0.7838	0.7653
1	0.03	0.03	176	405	41706	19	65	0.8617	0.9995	0.9552	0.9984	0.9552	0.998	0.9063	0.906
1	0.03	0.03	352	785	193988	29	198	0.7986	0.9999	0.9644	0.999	0.9644	0.9988	0.877	0.8737
1	0.03	0.03	237	45	38676	0	60	0.4286	1	1	0.9985	1	0.9985	0.6541	0.6
1	0.03	0.03	187	107	30450	7	64	0.6257	0.9998	0.9386	0.9979	0.9386	0.9977	0.7654	0.7509
1	0.03	0.03	175	158	35283	6	64	0.7117	0.9998	0.9634	0.9982	0.9634	0.998	0.8272	0.8187
1	0.03	0.03	258	161	62954	2	73	0.688	1	0.9877	0.9988	0.9877	0.9988	0.8239	0.8111
1	0.03	0.03	200	462	60708	18	237	0.6609	0.9997	0.9625	0.9961	0.9625	0.9958	0.7958	0.7837
1	0.03	0.03	309	606	161280	39	240	0.7163	0.9998	0.9395	0.9985	0.9395	0.9983	0.8196	0.8129
1	0.03	0.03	166	119	26176	4	36	0.7677	0.9998	0.9675	0.9986	0.9675	0.9985	0.8611	0.8561
1	0.03	0.03	207	169	41381	4	62	0.7316	0.9999	0.9769	0.9985	0.9769	0.9984	0.8447	0.8366
1	0.03	0.03	318	307	113098	9	112	0.7327	0.9999	0.9715	0.999	0.9715	0.9989	0.8432	0.8354
1	0.03	0.03	308	147	87319	5	100	0.5951	0.9999	0.9671	0.9989	0.9671	0.9988	0.7582	0.7368
1	0.03	0.03	260	79	50915	1	45	0.6371	1	0.9875	0.9991	0.9875	0.9991	0.7928	0.7745
1	0.03	0.03	221	87	38649	0	45	0.6591	1	1	0.9988	1	0.9988	0.8114	0.7945
1	0.03	0.03	396	1092	234283	47	219	0.833	0.9998	0.9587	0.9991	0.9587	0.9989	0.8931	0.8914
1	0.03	0.03	157	110	24589	4	50	0.6875	0.9998	0.9649	0.998	0.9649	0.9978	0.8135	0.8029
1	0.03	0.03	267	433	85342	28	102	0.8093	0.9997	0.9393	0.9988	0.9393	0.9985	0.8712	0.8695
1	0.03	0.03	146	66	17289	0	36	0.6471	1	1	0.9979	1	0.9979	0.8036	0.7857
1	0.03	0.03	144	59	16200	2	29	0.6705	0.9999	0.9672	0.9982	0.9672	0.9981	0.8045	0.7919
1	0.03	0.03	298	182	80748	4	69	0.7251	1	0.9785	0.9991	0.9785	0.9991	0.8419	0.833
1	0.03	0.03	340	172	108072	1	100	0.6324	1	0.9942	0.9991	0.9942	0.9991	0.7925	0.773
1	0.03	0.03	223	58	36191	1	65	0.4715	1	0.9831	0.9982	0.9831	0.9982	0.6802	0.6374
1	0.03	0.03	137	105	18774	6	30	0.7778	0.9997	0.9459	0.9984	0.9459	0.9981	0.8569	0.8537
1	0.03	0.03	251	425	90786	22	145	0.7456	0.9998	0.9508	0.9984	0.9508	0.9982	0.8411	0.8358
1	0.03	0.03	201	38	27189	0	34	0.5278	1	1	0.9988	1	0.9988	0.726	0.6909
1	0.03	0.03	299	673	142425	42	240	0.7371	0.9997	0.9413	0.9983	0.9413	0.998	0.8321	0.8268
1	0.03	0.03	125	68	14083	1	44	0.6071	0.9999	0.9855	0.9969	0.9855	0.9968	0.7723	0.7514
1	0.03	0.03	285	401	95621	10	109	0.7863	0.9999	0.9757	0.9989	0.9757	0.9988	0.8753	0.8708
1	0.03	0.03	112	48	9804	0	18	0.7273	1	1	0.9982	1	0.9982	0.852	0.8421
1	0.03	0.03	218	391	71074	16	150	0.7227	0.9998	0.9607	0.9979	0.9607	0.9977	0.8322	0.8249
1	0.03	0.03	211	281	59625	18	107	0.7242	0.9997	0.9398	0.9982	0.9398	0.9979	0.824	0.818
1	0.03	0.03	280	433	104952	32	153	0.7389	0.9997	0.9312	0.9985	0.9312	0.9982	0.8287	0.824
1	0.03	0.03	291	185	81539	8	78	0.7034	0.9999	0.9585	0.999	0.9585	0.9989	0.8207	0.8114
1	0.03	0.03	352	455	159234	27	179	0.7177	0.9998	0.944	0.9989	0.944	0.9987	0.8225	0.8154
1	0.03	0.03	107	69	10363	1	7	0.9079	0.9999	0.9857	0.9993	0.9857	0.9992	0.9456	0.9452
1	0.03	0.03	180	293	43279	10	78	0.7898	0.9998	0.967	0.9982	0.967	0.998	0.873	0.8694
1	0.03	0.03	212	85	34838	2	55	0.6071	0.9999	0.977	0.9984	0.977	0.9984	0.7695	0.7489
1	0.03	0.03	120	64	12296	0	43	0.5981	1	1	0.9965	1	0.9965	0.772	0.7485
1	0.03	0.03	134	29	12191	0	26	0.5273	1	1	0.9979	1	0.9979	0.7254	0.6905
1	0.03	0.03	157	66	20601	1	38	0.6346	1	0.9851	0.9982	0.9851	0.9981	0.7899	0.7719
1	0.03	0.03	215	136	41119	3	70	0.6602	0.9999	0.9784	0.9983	0.9784	0.9982	0.803	0.7884
1	0.03	0.03	111	126	11792	2	15	0.8936	0.9998	0.9844	0.9987	0.9844	0.9986	0.9372	0.9368
1	0.03	0.03	93	226	12246	11	78	0.7434	0.9991	0.9536	0.9937	0.9536	0.9929	0.8387	0.8355
1	0.03	0.03	310	162	86891	8	92	0.6378	0.9999	0.9529	0.9989	0.9529	0.9989	0.7791	0.7642
1	0.03	0.03	239	209	62909	4	68	0.7545	0.9999	0.9812	0.9989	0.9812	0.9989	0.8599	0.8531
1	0.03	0.03	151	25	14649	0	32	0.4386	1	1	0.9978	1	0.9978	0.6615	0.6098
1	0.03	0.03	266	674	134487	24	275	0.7102	0.9998	0.9656	0.998	0.9656	0.9978	0.8272	0.8185
1	0.03	0.03	202	76	32773	0	47	0.6179	1	1	0.9986	1	0.9986	0.7855	0.7638
1	0.03	0.03	123	110	16127	2	51	0.6832	0.9999	0.9821	0.9968	0.9821	0.9967	0.8178	0.8059
1	0.03	0.03	206	167	43706	5	78	0.6816	0.9999	0.9709	0.9982	0.9709	0.9981	0.8127	0.801
1	0.03	0.03	272	318	92683	7	88	0.7833	0.9999	0.9785	0.9991	0.9785	0.999	0.875	0.87
1	0.03	0.03	220	86	37813	2	49	0.637	0.9999	0.9773	0.9987	0.9773	0.9987	0.7885	0.7713
1	0.03	0.03	235	128	47415	5	38	0.7711	0.9999	0.9624	0.9992	0.9624	0.9991	0.861	0.8562
1	0.03	0.03	148	178	26765	7	78	0.6953	0.9997	0.9622	0.9971	0.9622	0.9969	0.8165	0.8073
1	0.03	0.03	408	270	156110	14	126	0.6818	0.9999	0.9507	0.9992	0.9507	0.9991	0.8047	0.7941
1	0.03	0.03	227	286	63477	10	130	0.6875	0.9998	0.9662	0.998	0.9662	0.9978	0.8141	0.8034
1	0.03	0.03	101	129	12709	4	38	0.7725	0.9997	0.9699	0.997	0.9699	0.9967	0.8641	0.86
1	0.03	0.03	147	135	18535	1	50	0.7297	0.9999	0.9926	0.9973	0.9926	0.9973	0.8499	0.8411
1	0.03	0.03	102	87	10576	6	62	0.5839	0.9994	0.9355	0.9942	0.9355	0.9937	0.7364	0.719
1	0.03	0.03	166	38	19824	0	38	0.5	1	1	0.9981	1	0.9981	0.7064	0.6667
1	0.03	0.03	138	67	16175	3	45	0.5982	0.9998	0.9571	0.9972	0.9571	0.9971	0.7555	0.7363
1	0.03	0.03	272	173	70230	3	94	0.6479	1	0.983	0.9987	0.983	0.9986	0.7975	0.781
1	0.03	0.03	232	288	65299	15	101	0.7404	0.9998	0.9505	0.9985	0.9505	0.9982	0.8381	0.8324
1	0.03	0.03	171	133	28026	1	43	0.7557	1	0.9925	0.9985	0.9925	0.9984	0.8654	0.8581
1	0.03	0.03	209	150	43421	3	86	0.6356	0.9999	0.9804	0.998	0.9804	0.998	0.7885	0.7712
1	0.03	0.03	214	256	55851	16	157	0.6199	0.9997	0.9412	0.9972	0.9412	0.9969	0.7625	0.7474
1	0.03	0.03	230	169	53703	3	81	0.676	0.9999	0.9826	0.9985	0.9826	0.9984	0.8143	0.8009
1	0.03	0.03	231	139	48331	3	43	0.7637	0.9999	0.9789	0.9991	0.9789	0.9991	0.8642	0.858
1	0.03	0.03	116	65	11676	3	37	0.6373	0.9997	0.9559	0.9968	0.9559	0.9966	0.779	0.7647
1	0.03	0.03	208	1045	71806	54	248	0.8082	0.9992	0.9509	0.9966	0.9509	0.9959	0.8746	0.8737
1	0.03	0.03	147	257	31545	6	70	0.7859	0.9998	0.9772	0.9978	0.9772	0.9976	0.8753	0.8712
1	0.03	0.03	352	665	169951	31	173	0.7936	0.9998	0.9555	0.999	0.9555	0.9988	0.8702	0.867
1	0.03	0.03	216	286	60022	13	57	0.8338	0.9998	0.9565	0.9991	0.9565	0.9988	0.8925	0.891
1	0.03	0.03	168	64	21844	0	37	0.6337	1	1	0.9983	1	0.9983	0.7954	0.7758
1	0.03	0.03	147	186	24483	7	77	0.7072	0.9997	0.9637	0.9969	0.9637	0.9966	0.8241	0.8158
1	0.03	0.03	183	69	25084	0	47	0.5948	1	1	0.9981	1	0.9981	0.7705	0.7459
1	0.03	0.03	162	61	22283	0	22	0.7349	1	1	0.999	1	0.999	0.8569	0.8472
1	0.03	0.03	299	212	83545	12	76	0.7361	0.9999	0.9464	0.9991	0.9464	0.999	0.8342	0.8281
1	0.03	0.03	160	156	28399	4	121	0.5632	0.9999	0.975	0.9958	0.975	0.9956	0.7393	0.714
1	0.03	0.03	195	60	27139	0	62	0.4918	1	1	0.9977	1	0.9977	0.7005	0.6593
1	0.03	0.03	238	188	60454	6	78	0.7068	0.9999	0.9691	0.9987	0.9691	0.9986	0.827	0.8174
1	0.03	0.03	120	273	22840	13	94	0.7439	0.9994	0.9545	0.9959	0.9545	0.9954	0.8405	0.8361
1	0.03	0.03	202	96	34039	1	55	0.6358	1	0.9897	0.9984	0.9897	0.9984	0.7926	0.7742
1	0.03	0.03	311	284	108873	7	114	0.7136	0.9999	0.9759	0.999	0.9759	0.9989	0.834	0.8244
1	0.03	0.03	124	195	15695	9	32	0.859	0.9994	0.9559	0.998	0.9559	0.9974	0.9049	0.9049
1	0.03	0.03	255	328	79308	7	157	0.6763	0.9999	0.9791	0.998	0.9791	0.9979	0.8129	0.8
1	0.03	0.03	216	190	50128	8	77	0.7116	0.9998	0.9596	0.9985	0.9596	0.9983	0.8256	0.8172
1	0.03	0.03	155	87	20593	0	26	0.7699	1	1	0.9987	1	0.9987	0.8769	0.87
1	0.03	0.03	241	297	75395	18	145	0.6719	0.9998	0.9429	0.9981	0.9429	0.9979	0.795	0.7847
1	0.03	0.03	155	48	17307	0	36	0.5714	1	1	0.9979	1	0.9979	0.7551	0.7273
1	0.03	0.03	202	100	36152	2	61	0.6211	0.9999	0.9804	0.9983	0.9804	0.9983	0.7796	0.7605
1	0.03	0.03	233	194	57023	8	66	0.7462	0.9999	0.9604	0.9988	0.9604	0.9987	0.8459	0.8398
1	0.03	0.03	240	161	57044	5	81	0.6653	0.9999	0.9699	0.9986	0.9699	0.9985	0.8026	0.7892
1	0.03	0.03	308	343	112081	9	142	0.7072	0.9999	0.9744	0.9987	0.9744	0.9987	0.8296	0.8196
1	0.03	0.03	318	266	102001	11	100	0.7268	0.9999	0.9603	0.999	0.9603	0.9989	0.8349	0.8274
1	0.03	0.03	243	242	62488	4	101	0.7055	0.9999	0.9837	0.9984	0.9837	0.9983	0.8324	0.8217
1	0.03	0.03	228	83	39778	1	41	0.6694	1	0.9881	0.999	0.9881	0.9989	0.8128	0.7981
1	0.03	0.03	157	139	27510	3	78	0.6406	0.9999	0.9789	0.9972	0.9789	0.9971	0.7906	0.7744
1	0.03	0.03	281	666	137198	47	164	0.8024	0.9997	0.9341	0.9988	0.9341	0.9985	0.865	0.8633
1	0.03	0.03	220	472	74011	29	179	0.725	0.9996	0.9421	0.9976	0.9421	0.9972	0.8252	0.8194
1	0.03	0.03	90	324	12768	28	83	0.7961	0.9978	0.9205	0.9935	0.9205	0.9916	0.8518	0.8538
1	0.03	0.03	125	223	21846	11	75	0.7483	0.9995	0.953	0.9966	0.953	0.9961	0.8427	0.8383
1	0.03	0.03	264	440	99918	23	195	0.6929	0.9998	0.9503	0.9981	0.9503	0.9978	0.8105	0.8015
1	0.03	0.03	279	607	122398	40	211	0.7421	0.9997	0.9382	0.9983	0.9382	0.998	0.8334	0.8287
1	0.03	0.03	278	262	82257	19	83	0.7594	0.9998	0.9324	0.999	0.9324	0.9988	0.8409	0.8371
1	0.03	0.03	162	336	38304	21	120	0.7368	0.9995	0.9412	0.9969	0.9412	0.9964	0.8311	0.8266
1	0.03	0.03	254	42	42405	0	39	0.5185	1	1	0.9991	1	0.9991	0.7198	0.6829
1	0.03	0.03	285	343	97010	12	96	0.7813	0.9999	0.9662	0.999	0.9662	0.9989	0.8683	0.864
1	0.03	0.03	182	149	33207	3	52	0.7413	0.9999	0.9803	0.9984	0.9803	0.9984	0.8517	0.8442
1	0.03	0.03	252	114	54077	4	90	0.5588	0.9999	0.9661	0.9983	0.9661	0.9983	0.7341	0.7081
1	0.03	0.03	325	294	116005	10	94	0.7577	0.9999	0.9671	0.9992	0.9671	0.9991	0.8556	0.8497
1	0.03	0.03	233	127	50544	4	46	0.7341	0.9999	0.9695	0.9991	0.9695	0.999	0.8432	0.8355
1	0.03	0.03	110	50	8972	1	22	0.6944	0.9999	0.9804	0.9976	0.9804	0.9975	0.824	0.813
1	0.03	0.03	197	71	29294	0	38	0.6514	1	1	0.9987	1	0.9987	0.8066	0.7889
1	0.03	0.03	194	229	48501	4	94	0.709	0.9999	0.9828	0.9981	0.9828	0.998	0.8339	0.8237
1	0.03	0.03	160	246	32770	5	132	0.6508	0.9998	0.9801	0.996	0.9801	0.9959	0.7969	0.7822
1	0.03	0.03	230	151	48625	6	46	0.7665	0.9999	0.9618	0.9991	0.9618	0.9989	0.8581	0.8531
1	0.03	0.03	260	154	54758	3	31	0.8324	0.9999	0.9809	0.9994	0.9809	0.9994	0.9033	0.9006
1	0.03	0.03	144	120	22553	2	116	0.5085	0.9999	0.9836	0.9949	0.9836	0.9948	0.7053	0.6704
1	0.03	0.03	198	103	35072	4	66	0.6095	0.9999	0.9626	0.9981	0.9626	0.998	0.7651	0.7464
1	0.03	0.03	147	158	24333	0	40	0.798	1	1	0.9984	1	0.9984	0.8926	0.8876
1	0.03	0.03	220	273	59662	2	94	0.7439	1	0.9927	0.9984	0.9927	0.9984	0.8586	0.8505
1	0.03	0.03	191	151	33484	1	34	0.8162	1	0.9934	0.999	0.9934	0.999	0.9	0.8961
1	0.03	0.03	170	102	27805	3	56	0.6456	0.9999	0.9714	0.998	0.9714	0.9979	0.791	0.7757
1	0.03	0.03	186	187	41354	8	67	0.7362	0.9998	0.959	0.9984	0.959	0.9982	0.8394	0.833
1	0.03	0.03	194	66	29284	0	53	0.5546	1	1	0.9982	1	0.9982	0.7441	0.7135
1	0.03	0.03	227	122	48326	4	64	0.6559	0.9999	0.9683	0.9987	0.9683	0.9986	0.7963	0.7821
1	0.03	0.03	137	63	16005	4	38	0.6238	0.9998	0.9403	0.9976	0.9403	0.9974	0.7647	0.75
1	0.03	0.03	207	399	65928	13	90	0.816	0.9998	0.9684	0.9986	0.9684	0.9984	0.8882	0.8857
1	0.03	0.03	219	206	51404	1	70	0.7464	1	0.9952	0.9986	0.9952	0.9986	0.8612	0.853
1	0.03	0.03	173	319	38644	6	91	0.778	0.9998	0.9815	0.9977	0.9815	0.9975	0.8728	0.868
1	0.03	0.03	175	386	41999	5	96	0.8008	0.9999	0.9872	0.9977	0.9872	0.9976	0.8881	0.8843
1	0.03	0.03	152	120	24582	2	49	0.7101	0.9999	0.9836	0.998	0.9836	0.9979	0.8348	0.8247
1	0.03	0.03	297	197	78722	9	75	0.7243	0.9999	0.9563	0.999	0.9563	0.9989	0.8318	0.8243
1	0.03	0.03	318	462	127147	18	138	0.77	0.9999	0.9625	0.9989	0.9625	0.9988	0.8603	0.8556
1	0.03	0.03	257	118	55409	1	83	0.5871	1	0.9916	0.9985	0.9916	0.9985	0.7624	0.7375
1	0.03	0.03	289	242	85567	19	77	0.7586	0.9998	0.9272	0.9991	0.9272	0.9989	0.8382	0.8345
1	0.03	0.03	307	951	131640	48	231	0.8046	0.9996	0.952	0.9982	0.952	0.9979	0.8742	0.8721
1	0.03	0.03	244	241	69401	10	99	0.7088	0.9999	0.9602	0.9986	0.9602	0.9984	0.8243	0.8156
1	0.03	0.03	302	640	136139	26	221	0.7433	0.9998	0.961	0.9984	0.961	0.9982	0.8443	0.8382
1	0.03	0.03	151	87	22013	1	54	0.617	1	0.9886	0.9976	0.9886	0.9975	0.78	0.7598
1	0.03	0.03	188	82	29269	5	47	0.6357	0.9998	0.9425	0.9984	0.9425	0.9982	0.7733	0.7593
1	0.03	0.03	288	743	120296	64	175	0.8094	0.9995	0.9207	0.9985	0.9207	0.998	0.8623	0.8614
1	0.03	0.03	364	276	137637	2	160	0.633	1	0.9928	0.9988	0.9928	0.9988	0.7923	0.7731
1	0.03	0.03	344	434	166102	25	192	0.6933	0.9998	0.9455	0.9988	0.9455	0.9987	0.8091	0.8
1	0.03	0.03	150	37	15861	0	33	0.5286	1	1	0.9979	1	0.9979	0.7263	0.6916
1	0.03	0.03	254	704	115419	32	248	0.7395	0.9997	0.9565	0.9979	0.9565	0.9976	0.8399	0.8341
1	0.03	0.03	166	108	26163	4	60	0.6429	0.9998	0.9643	0.9977	0.9643	0.9976	0.7863	0.7714
1	0.03	0.03	181	114	29711	2	63	0.6441	0.9999	0.9828	0.9979	0.9828	0.9978	0.7947	0.7782
1	0.03	0.03	241	178	59393	3	111	0.6159	0.9999	0.9834	0.9981	0.9834	0.9981	0.7775	0.7574
1	0.03	0.03	239	177	52722	6	70	0.7166	0.9999	0.9672	0.9987	0.9672	0.9986	0.8319	0.8233
1	0.03	0.03	284	153	70685	4	34	0.8182	0.9999	0.9745	0.9995	0.9745	0.9995	0.8927	0.8895
1	0.03	0.03	267	372	87092	4	103	0.7832	1	0.9894	0.9988	0.9894	0.9988	0.8797	0.8743
1	0.03	0.03	260	516	105266	41	207	0.7137	0.9996	0.9264	0.998	0.9264	0.9977	0.812	0.8063
1	0.03	0.03	153	46	17876	0	33	0.5823	1	1	0.9982	1	0.9982	0.7624	0.736
1	0.03	0.03	263	498	102137	16	180	0.7345	0.9998	0.9689	0.9982	0.9689	0.9981	0.8427	0.8356
1	0.03	0.03	284	476	108159	35	141	0.7715	0.9997	0.9315	0.9987	0.9315	0.9984	0.847	0.844
1	0.03	0.03	186	96	30236	2	47	0.6713	0.9999	0.9796	0.9984	0.9796	0.9984	0.8103	0.7967
1	0.03	0.03	261	74	50907	1	58	0.5606	1	0.9867	0.9989	0.9867	0.9988	0.7433	0.715
1	0.03	0.03	218	250	54584	7	105	0.7042	0.9999	0.9728	0.9981	0.9728	0.998	0.8268	0.817
1	0.03	0.03	154	58	19398	2	45	0.5631	0.9999	0.9667	0.9977	0.9667	0.9976	0.7368	0.7117
1	0.03	0.03	266	227	82292	3	99	0.6963	1	0.987	0.9988	0.987	0.9988	0.8285	0.8165
1	0.03	0.03	95	157	12801	11	72	0.6856	0.9991	0.9345	0.9944	0.9345	0.9936	0.7975	0.7909
1	0.03	0.03	141	73	18427	2	26	0.7374	0.9999	0.9733	0.9986	0.9733	0.9985	0.8465	0.8391
1	0.03	0.03	115	78	11644	0	59	0.5693	1	1	0.995	1	0.995	0.7526	0.7256
1	0.03	0.03	124	120	17232	3	36	0.7692	0.9998	0.9756	0.9979	0.9756	0.9978	0.8653	0.8602
1	0.03	0.03	161	59	21395	1	73	0.447	1	0.9833	0.9966	0.9833	0.9966	0.6618	0.6146
1	0.03	0.03	215	196	46692	6	77	0.7179	0.9999	0.9703	0.9984	0.9703	0.9982	0.8339	0.8253
1	0.03	0.03	173	73	24863	1	39	0.6518	1	0.9865	0.9984	0.9865	0.9984	0.8012	0.7849
1	0.03	0.03	243	70	43531	4	55	0.56	0.9999	0.9459	0.9987	0.9459	0.9986	0.7273	0.7035
1	0.03	0.03	263	438	97318	16	131	0.7698	0.9998	0.9648	0.9987	0.9648	0.9985	0.8611	0.8563
1	0.03	0.03	226	273	62789	9	119	0.6964	0.9999	0.9681	0.9981	0.9681	0.998	0.8202	0.8101
1	0.03	0.03	242	427	83267	12	139	0.7544	0.9999	0.9727	0.9983	0.9727	0.9982	0.8558	0.8498
1	0.03	0.03	260	208	69816	7	94	0.6887	0.9999	0.9674	0.9987	0.9674	0.9986	0.8157	0.8046
1	0.03	0.03	248	172	60053	9	144	0.5443	0.9999	0.9503	0.9976	0.9503	0.9975	0.7182	0.6922
1	0.03	0.03	216	104	41756	6	39	0.7273	0.9999	0.9455	0.9991	0.9455	0.9989	0.8287	0.8221
1	0.03	0.03	299	82	65544	0	77	0.5157	1	1	0.9988	1	0.9988	0.7177	0.6805
1	0.03	0.03	249	66	43532	0	62	0.5156	1	1	0.9986	1	0.9986	0.7176	0.6804
1	0.03	0.03	163	110	24578	2	63	0.6358	0.9999	0.9821	0.9974	0.9821	0.9974	0.7892	0.7719
1	0.03	0.03	300	219	88494	7	111	0.6636	0.9999	0.969	0.9987	0.969	0.9987	0.8014	0.7878
1	0.03	0.03	243	121	50825	8	86	0.5845	0.9998	0.938	0.9983	0.938	0.9982	0.7397	0.7202
1	0.03	0.03	293	512	97658	24	152	0.7711	0.9998	0.9552	0.9984	0.9552	0.9982	0.8574	0.8533
1	0.03	0.03	202	66	30029	1	39	0.6286	1	0.9851	0.9987	0.9851	0.9987	0.7863	0.7674
1	0.03	0.03	178	337	42060	13	76	0.816	0.9997	0.9629	0.9982	0.9629	0.9979	0.8854	0.8834
1	0.03	0.03	109	89	10458	2	36	0.712	0.9998	0.978	0.9966	0.978	0.9964	0.8329	0.8241
1	0.03	0.03	90	173	13147	5	41	0.8084	0.9996	0.9719	0.9969	0.9719	0.9966	0.8848	0.8827
1	0.03	0.03	280	68	55169	1	40	0.6296	1	0.9855	0.9993	0.9855	0.9993	0.7874	0.7684
1	0.03	0.03	242	310	72718	10	115	0.7294	0.9999	0.9688	0.9984	0.9688	0.9983	0.8398	0.8322
1	0.03	0.03	227	189	54346	10	70	0.7297	0.9998	0.9497	0.9987	0.9497	0.9985	0.8318	0.8253
1	0.03	0.03	201	333	54448	22	143	0.6996	0.9996	0.938	0.9974	0.938	0.997	0.8087	0.8014
1	0.03	0.03	213	74	34848	0	58	0.5606	1	1	0.9983	1	0.9983	0.7481	0.7184
1	0.03	0.03	260	161	67664	7	64	0.7156	0.9999	0.9583	0.9991	0.9583	0.999	0.8276	0.8193
1	0.03	0.03	210	320	61994	11	156	0.6723	0.9998	0.9668	0.9975	0.9668	0.9973	0.805	0.7931
1	0.03	0.03	183	192	35540	6	40	0.8276	0.9998	0.9697	0.9989	0.9697	0.9987	0.8952	0.893
1	0.03	0.03	167	174	31388	6	58	0.75	0.9998	0.9667	0.9982	0.9667	0.998	0.8505	0.8447
1	0.03	0.03	299	94	66614	2	85	0.5251	1	0.9792	0.9987	0.9792	0.9987	0.7166	0.6836
1	0.03	0.03	197	231	47855	11	108	0.6814	0.9998	0.9545	0.9977	0.9545	0.9975	0.8054	0.7952
1	0.03	0.03	194	292	44128	30	101	0.743	0.9993	0.9068	0.9977	0.9068	0.9971	0.8194	0.8168
1	0.03	0.03	336	192	102127	5	54	0.7805	1	0.9746	0.9995	0.9746	0.9994	0.8719	0.8668
1	0.03	0.03	255	674	114987	23	237	0.7398	0.9998	0.967	0.9979	0.967	0.9978	0.8448	0.8383
1	0.03	0.03	178	152	31909	7	63	0.707	0.9998	0.956	0.998	0.956	0.9978	0.8211	0.8128
1	0.03	0.03	46	1182	10506	26	67	0.9464	0.9975	0.9785	0.9937	0.9785	0.9921	0.9579	0.9621
1	0.03	0.03	205	168	45211	4	68	0.7119	0.9999	0.9767	0.9985	0.9767	0.9984	0.8332	0.8235
1	0.03	0.03	240	650	109321	42	202	0.7629	0.9996	0.9393	0.9982	0.9393	0.9978	0.8455	0.842
1	0.03	0.03	287	209	81497	5	99	0.6786	0.9999	0.9766	0.9988	0.9766	0.9987	0.8135	0.8008
1	0.03	0.03	281	491	121534	32	208	0.7024	0.9997	0.9388	0.9983	0.9388	0.998	0.8112	0.8036
1	0.03	0.03	234	395	76027	21	193	0.6718	0.9997	0.9495	0.9975	0.9495	0.9972	0.7974	0.7869
1	0.03	0.03	150	250	26912	6	93	0.7289	0.9998	0.9766	0.9966	0.9766	0.9964	0.8421	0.8347
1	0.03	0.03	170	321	37503	29	97	0.7679	0.9992	0.9171	0.9974	0.9171	0.9967	0.8376	0.8359
1	0.03	0.03	274	158	68400	4	73	0.684	0.9999	0.9753	0.9989	0.9753	0.9989	0.8163	0.8041
1	0.03	0.03	236	169	52717	5	84	0.668	0.9999	0.9713	0.9984	0.9713	0.9983	0.8048	0.7916
1	0.03	0.03	277	110	64806	1	63	0.6358	1	0.991	0.999	0.991	0.999	0.7934	0.7746
1	0.03	0.03	158	83	22461	0	34	0.7094	1	1	0.9985	1	0.9985	0.8416	0.83
1	0.03	0.03	106	149	13992	1	54	0.734	0.9999	0.9933	0.9962	0.9933	0.9961	0.8522	0.8442
1	0.03	0.03	393	799	240000	51	315	0.7172	0.9998	0.94	0.9987	0.94	0.9985	0.8204	0.8136
1	0.03	0.03	314	371	129788	12	134	0.7347	0.9999	0.9687	0.999	0.9687	0.9989	0.8431	0.8356
1	0.03	0.03	149	163	27260	4	68	0.7056	0.9999	0.976	0.9975	0.976	0.9974	0.8288	0.8191
1	0.03	0.03	249	199	56961	4	127	0.6104	0.9999	0.9803	0.9978	0.9803	0.9977	0.7726	0.7524
1	0.03	0.03	189	86	31228	1	60	0.589	1	0.9885	0.9981	0.9885	0.9981	0.7623	0.7382
1	0.03	0.03	266	130	63346	1	69	0.6533	1	0.9924	0.9989	0.9924	0.9989	0.8047	0.7879
1	0.03	0.03	375	167	118057	7	110	0.6029	0.9999	0.9598	0.9991	0.9598	0.999	0.7603	0.7406
1	0.03	0.03	216	188	51727	5	83	0.6937	0.9999	0.9741	0.9984	0.9741	0.9983	0.8213	0.8103
1	0.03	0.03	217	263	48164	8	81	0.7645	0.9998	0.9705	0.9983	0.9705	0.9982	0.8605	0.8553
1	0.03	0.03	115	42	10683	2	4	0.913	0.9998	0.9545	0.9996	0.9545	0.9994	0.9333	0.9333
1	0.03	0.03	308	272	94884	5	105	0.7215	0.9999	0.9819	0.9989	0.9819	0.9988	0.8412	0.8318
1	0.03	0.03	194	108	33767	1	54	0.6667	1	0.9908	0.9984	0.9908	0.9984	0.8121	0.797
1	0.03	0.03	235	290	76202	11	133	0.6856	0.9999	0.9635	0.9983	0.9635	0.9981	0.8119	0.8011
1	0.03	0.03	93	66	8302	1	16	0.8049	0.9999	0.9851	0.9981	0.9851	0.998	0.8895	0.8859
1	0.03	0.03	257	74	48696	1	57	0.5649	1	0.9867	0.9988	0.9867	0.9988	0.7461	0.7184
1	0.03	0.03	206	122	39134	3	81	0.601	0.9999	0.976	0.9979	0.976	0.9979	0.765	0.7439
1	0.03	0.03	148	99	19358	3	43	0.6972	0.9998	0.9706	0.9978	0.9706	0.9976	0.8216	0.8115
1	0.03	0.03	203	239	52274	11	126	0.6548	0.9998	0.956	0.9976	0.956	0.9974	0.7901	0.7772
1	0.03	0.03	266	126	59485	5	69	0.6462	0.9999	0.9618	0.9988	0.9618	0.9988	0.7878	0.773
1	0.03	0.03	215	156	49506	3	105	0.5977	0.9999	0.9811	0.9979	0.9811	0.9978	0.7649	0.7429
1	0.03	0.03	254	183	66131	6	110	0.6246	0.9999	0.9683	0.9983	0.9683	0.9983	0.7769	0.7593
1	0.03	0.03	166	84	25501	3	63	0.5714	0.9999	0.9655	0.9975	0.9655	0.9974	0.7418	0.7179
1	0.03	0.03	129	84	16685	6	61	0.5793	0.9996	0.9333	0.9964	0.9333	0.996	0.7337	0.7149
1	0.03	0.03	247	104	48936	2	99	0.5123	1	0.9811	0.998	0.9811	0.9979	0.7082	0.6731
1	0.03	0.03	195	60	29291	2	50	0.5455	0.9999	0.9677	0.9983	0.9677	0.9982	0.7259	0.6977
1	0.03	0.03	228	167	51723	8	105	0.614	0.9998	0.9543	0.998	0.9543	0.9978	0.7645	0.7472
1	0.03	0.03	164	240	35173	4	94	0.7186	0.9999	0.9836	0.9973	0.9836	0.9972	0.8395	0.8304
1	0.03	0.03	306	131	75661	0	63	0.6753	1	1	0.9992	1	0.9992	0.8214	0.8062
1	0.03	0.03	80	73	7633	3	41	0.6404	0.9996	0.9605	0.9947	0.9605	0.9943	0.7818	0.7684
1	0.03	0.03	207	152	39375	1	93	0.6204	1	0.9935	0.9976	0.9935	0.9976	0.7841	0.7638
1	0.03	0.03	165	43	19625	1	32	0.5733	0.9999	0.9773	0.9984	0.9773	0.9983	0.7479	0.7227
1	0.03	0.03	207	118	39134	1	87	0.5756	1	0.9916	0.9978	0.9916	0.9978	0.7546	0.7284
1	0.03	0.03	228	230	55277	4	100	0.697	0.9999	0.9829	0.9982	0.9829	0.9981	0.8269	0.8156
1	0.03	0.03	234	224	61787	8	109	0.6727	0.9999	0.9655	0.9982	0.9655	0.9981	0.8051	0.7929
1	0.03	0.03	258	159	62242	2	78	0.6709	1	0.9876	0.9987	0.9876	0.9987	0.8134	0.799
1	0.03	0.03	186	478	54292	24	152	0.7587	0.9996	0.9522	0.9972	0.9522	0.9968	0.8485	0.8445
1	0.03	0.03	383	266	145110	7	147	0.6441	1	0.9744	0.999	0.9744	0.9989	0.7917	0.7755
1	0.03	0.03	240	242	66062	8	118	0.6722	0.9999	0.968	0.9982	0.968	0.9981	0.8059	0.7934
1	0.03	0.03	246	165	61153	2	105	0.6111	1	0.988	0.9983	0.988	0.9983	0.7763	0.7551
1	0.03	0.03	199	180	40769	6	86	0.6767	0.9999	0.9677	0.9979	0.9677	0.9978	0.8083	0.7965
1	0.03	0.03	192	74	28802	1	43	0.6325	1	0.9867	0.9985	0.9867	0.9985	0.7893	0.7708
1	0.03	0.03	181	171	36544	11	130	0.5681	0.9997	0.9396	0.9965	0.9396	0.9962	0.729	0.7081
1	0.03	0.03	146	312	30219	7	90	0.7761	0.9998	0.9781	0.997	0.9781	0.9968	0.8698	0.8655
1	0.03	0.03	236	295	64530	13	142	0.6751	0.9998	0.9578	0.9978	0.9578	0.9976	0.8031	0.7919
1	0.03	0.03	213	157	46132	0	71	0.6886	1	1	0.9985	1	0.9985	0.8292	0.8156
1	0.03	0.03	147	478	43075	31	76	0.8628	0.9993	0.9391	0.9982	0.9391	0.9975	0.8989	0.8993
1	0.03	0.03	274	116	59835	7	73	0.6138	0.9999	0.9431	0.9988	0.9431	0.9987	0.7602	0.7436
1	0.03	0.03	288	146	67680	2	68	0.6822	1	0.9865	0.999	0.9865	0.999	0.8199	0.8066
1	0.03	0.03	293	214	86422	10	90	0.7039	0.9999	0.9554	0.999	0.9554	0.9988	0.8196	0.8106
1	0.03	0.03	314	93	74540	0	58	0.6159	1	1	0.9992	1	0.9992	0.7845	0.7623
1	0.03	0.03	214	119	43466	8	67	0.6398	0.9998	0.937	0.9985	0.937	0.9983	0.7735	0.7604
1	0.03	0.03	225	1090	115546	56	194	0.8489	0.9995	0.9511	0.9983	0.9511	0.9979	0.8975	0.8971
1	0.03	0.03	240	172	54012	3	98	0.637	0.9999	0.9829	0.9982	0.9829	0.9981	0.7905	0.773
1	0.03	0.03	283	197	78761	3	42	0.8243	1	0.985	0.9995	0.985	0.9994	0.9008	0.8975
1	0.03	0.03	277	135	65115	4	87	0.6081	0.9999	0.9712	0.9987	0.9712	0.9986	0.7679	0.7479
1	0.03	0.03	225	456	60615	32	322	0.5861	0.9995	0.9344	0.9947	0.9344	0.9942	0.7376	0.7204
1	0.03	0.03	232	187	50456	2	76	0.711	1	0.9894	0.9985	0.9894	0.9985	0.8381	0.8274
1	0.03	0.03	144	75	16175	3	37	0.6696	0.9998	0.9615	0.9977	0.9615	0.9975	0.8014	0.7895
1	0.03	0.03	191	262	37899	4	61	0.8111	0.9999	0.985	0.9984	0.985	0.9983	0.8931	0.8896
1	0.03	0.03	187	254	40689	9	89	0.7405	0.9998	0.9658	0.9978	0.9658	0.9976	0.8446	0.8383
1	0.03	0.03	132	117	16485	3	48	0.7091	0.9998	0.975	0.9971	0.975	0.9969	0.8301	0.8211
1	0.03	0.03	159	78	21000	2	35	0.6903	0.9999	0.975	0.9983	0.975	0.9982	0.8196	0.8083
1	0.03	0.03	194	278	43563	18	97	0.7413	0.9996	0.9392	0.9978	0.9392	0.9974	0.8332	0.8286
1	0.03	0.03	178	144	34477	3	92	0.6102	0.9999	0.9796	0.9973	0.9796	0.9973	0.772	0.752
1	0.03	0.03	195	146	36899	18	65	0.6919	0.9995	0.8902	0.9982	0.8902	0.9978	0.7838	0.7787
1	0.03	0.03	209	166	39385	3	67	0.7124	0.9999	0.9822	0.9983	0.9822	0.9982	0.8358	0.8259
1	0.03	0.03	191	452	54365	19	110	0.8043	0.9997	0.9597	0.998	0.9597	0.9977	0.8774	0.8751
1	0.03	0.03	139	148	19713	6	33	0.8177	0.9997	0.961	0.9983	0.961	0.998	0.8855	0.8836
1	0.03	0.03	127	129	18709	9	68	0.6548	0.9995	0.9348	0.9964	0.9348	0.9959	0.7806	0.7701
1	0.03	0.03	124	268	18208	19	33	0.8904	0.999	0.9338	0.9982	0.9338	0.9972	0.9104	0.9116
1	0.03	0.03	281	128	66600	2	65	0.6632	1	0.9846	0.999	0.9846	0.999	0.8077	0.7926
1	0.03	0.03	269	437	102674	17	157	0.7357	0.9998	0.9626	0.9985	0.9626	0.9983	0.8407	0.834
1	0.03	0.03	298	277	93972	19	127	0.6856	0.9998	0.9358	0.9987	0.9358	0.9985	0.8003	0.7914
1	0.03	0.03	296	221	88904	11	117	0.6538	0.9999	0.9526	0.9987	0.9526	0.9986	0.7886	0.7754
1	0.03	0.03	152	133	25476	4	38	0.7778	0.9998	0.9708	0.9985	0.9708	0.9984	0.8682	0.8636
1	0.03	0.03	277	137	66230	2	61	0.6919	1	0.9856	0.9991	0.9856	0.9991	0.8254	0.8131
1	0.03	0.03	211	346	58855	18	121	0.7409	0.9997	0.9505	0.9979	0.9505	0.9977	0.8381	0.8327
1	0.03	0.03	142	116	20760	2	32	0.7838	0.9999	0.9831	0.9985	0.9831	0.9984	0.877	0.8722
1	0.03	0.03	257	495	106249	20	189	0.7237	0.9998	0.9612	0.9982	0.9612	0.998	0.8331	0.8257
1	0.03	0.03	193	100	33760	2	68	0.5952	0.9999	0.9804	0.998	0.9804	0.9979	0.7631	0.7407
1	0.03	0.03	286	274	89736	9	81	0.7718	0.9999	0.9682	0.9991	0.9682	0.999	0.864	0.8589
1	0.03	0.03	252	134	53749	4	69	0.6601	0.9999	0.971	0.9987	0.971	0.9986	0.8	0.7859
1	0.03	0.03	205	113	37237	7	44	0.7197	0.9998	0.9417	0.9988	0.9417	0.9986	0.8226	0.8159
1	0.03	0.03	179	49	22275	0	42	0.5385	1	1	0.9981	1	0.9981	0.7331	0.7
1	0.03	0.03	310	180	81528	2	100	0.6429	1	0.989	0.9988	0.989	0.9988	0.7969	0.7792
1	0.03	0.03	276	137	66221	3	69	0.665	1	0.9786	0.999	0.9786	0.9989	0.8063	0.7919
1	0.03	0.03	148	80	19372	2	49	0.6202	0.9999	0.9756	0.9975	0.9756	0.9974	0.7768	0.7583
1	0.03	0.03	286	120	65506	3	74	0.6186	1	0.9756	0.9989	0.9756	0.9988	0.7764	0.7571
1	0.03	0.03	264	141	62951	3	95	0.5975	1	0.9792	0.9985	0.9792	0.9984	0.7642	0.7421
1	0.03	0.03	221	188	54657	3	98	0.6573	0.9999	0.9843	0.9982	0.9843	0.9982	0.8036	0.7883
1	0.03	0.03	232	207	61154	8	56	0.7871	0.9999	0.9628	0.9991	0.9628	0.999	0.87	0.8661
1	0.03	0.03	211	203	48523	7	95	0.6812	0.9999	0.9667	0.998	0.9667	0.9979	0.8106	0.7992
1	0.03	0.03	212	166	49509	7	88	0.6535	0.9999	0.9595	0.9982	0.9595	0.9981	0.7911	0.7775
1	0.03	0.03	108	122	12209	4	68	0.6421	0.9997	0.9683	0.9945	0.9683	0.9942	0.786	0.7722
1	0.03	0.03	174	90	25731	2	55	0.6207	0.9999	0.9783	0.9979	0.9783	0.9978	0.7783	0.7595
1	0.03	0.03	311	284	109335	11	116	0.71	0.9999	0.9627	0.9989	0.9627	0.9988	0.8262	0.8173
1	0.03	0.03	201	283	55181	10	137	0.6738	0.9998	0.9659	0.9975	0.9659	0.9974	0.8056	0.7938
1	0.03	0.03	262	90	53488	1	49	0.6475	1	0.989	0.9991	0.989	0.9991	0.7998	0.7826
1	0.03	0.03	182	154	33978	3	56	0.7333	0.9999	0.9809	0.9984	0.9809	0.9983	0.8474	0.8392
1	0.03	0.03	174	356	40885	10	77	0.8222	0.9998	0.9727	0.9981	0.9727	0.9979	0.8933	0.8911
1	0.03	0.03	192	154	38260	9	80	0.6581	0.9998	0.9448	0.9979	0.9448	0.9977	0.7875	0.7758
1	0.03	0.03	245	307	71954	8	121	0.7173	0.9999	0.9746	0.9983	0.9746	0.9982	0.8353	0.8264
1	0.03	0.03	220	125	43768	4	59	0.6793	0.9999	0.969	0.9987	0.969	0.9986	0.8107	0.7987
1	0.03	0.03	113	151	13686	1	23	0.8678	0.9999	0.9934	0.9983	0.9934	0.9983	0.9277	0.9264
1	0.03	0.03	246	101	48649	2	76	0.5706	1	0.9806	0.9984	0.9806	0.9984	0.7474	0.7214
1	0.03	0.03	268	188	70973	7	85	0.6886	0.9999	0.9641	0.9988	0.9641	0.9987	0.8143	0.8034
1	0.03	0.03	340	146	96771	3	100	0.5935	1	0.9799	0.999	0.9799	0.9989	0.7622	0.7392
